Employee ID,Termination Date
39,12/1/2020
40,9/16/2020
109,7/10/2019
112,2/28/2019
122,4/22/2021
125,8/27/2020
149,6/15/2020
162,4/23/2021
228,3/6/2020
234,10/16/2018
322,12/18/2020
422,7/10/2019
430,5/4/2018
433,9/5/2018
501,11/6/2020
653,6/22/2018
678,4/17/2019
718,7/19/2017
730,12/1/2020
731,2/22/2021
764,8/10/2018
766,7/12/2019
806,8/7/2020
865,3/8/2021
879,12/4/2018
912,2/28/2020
944,9/6/2017
1003,8/6/2020
1041,2/14/2020
1051,4/1/2021
1110,1/12/2021
1150,9/7/2018
1356,7/9/2018
1375,5/25/2018
1391,2/5/2020
1407,9/15/2017
1414,9/1/2017
1437,11/19/2018
1526,7/10/2019
1536,2/1/2018
1559,7/10/2019
1562,5/18/2021
1624,7/10/2019
1640,8/1/2019
1656,12/1/2020
1680,8/21/2020
1688,7/10/2019
1693,12/28/2018
1698,10/31/2018
1709,1/31/2020
1724,12/1/2020
1726,5/28/2020
1753,6/15/2018
1754,12/1/2020
1755,3/12/2021
1812,4/1/2019
1838,6/29/2018
1868,3/12/2021
1885,2/14/2019
1896,6/25/2018
1920,1/17/2019
1944,7/15/2020
1947,8/5/2020
2048,1/18/2021
2081,2/1/2018
2082,6/1/2018
2125,2/1/2018
2126,6/2/2020
2165,8/15/2019
2184,6/26/2020
2228,2/1/2018
2371,5/28/2020
2386,12/19/2019
2423,9/18/2020
2434,2/12/2021
2480,9/21/2018
2483,6/2/2020
2513,3/15/2018
2603,12/2/2019
2615,6/13/2018
2667,2/1/2018
2672,4/30/2021
2675,6/29/2018
2707,8/28/2019
2716,8/30/2019
2720,4/9/2020
2731,12/31/2020
2751,9/2/2020
2829,6/25/2020
2845,6/10/2020
2895,12/13/2019
2898,4/8/2020
2909,4/24/2020
2965,8/7/2020
2983,6/14/2018
2987,10/8/2020
3040,11/16/2018
3052,8/1/2019
3055,2/1/2018
3057,8/29/2018
3089,9/20/2019
3192,10/17/2018
3212,10/11/2019
3244,7/20/2018
3245,1/3/2019
3252,6/24/2019
3326,7/12/2019
3331,5/11/2018
3332,5/1/2017
3351,8/16/2019
3381,7/1/2017
3455,11/14/2017
3461,1/4/2019
3482,2/1/2018
3490,7/10/2019
3561,10/2/2020
3596,6/29/2017
3616,1/22/2020
3635,7/27/2018
3662,1/29/2021
3776,4/28/2021
3789,9/4/2018
3892,7/23/2020
3957,1/12/2018
3966,12/18/2019
3974,4/6/2020
4016,7/10/2019
4071,5/21/2021
4081,9/10/2020
4102,6/14/2019
4179,7/10/2019
4180,12/1/2020
4232,8/10/2018
4249,7/15/2020
4417,10/2/2017
4464,7/10/2019
4472,12/1/2020
4479,2/1/2018
4523,2/1/2018
4557,7/17/2020
4604,4/27/2021
4616,2/1/2018
4652,12/17/2020
4685,7/10/2019
4686,6/7/2019
4706,3/12/2021
4722,1/3/2020
4743,8/9/2019
4786,3/2/2021
4829,5/14/2021
4919,7/10/2019
4953,8/4/2017
4987,11/16/2020
5000,3/8/2019
5020,11/23/2018
5034,8/22/2019
5049,8/23/2019
5061,6/30/2020
5067,7/10/2019
5069,4/5/2019
5096,1/1/2018
5131,9/21/2018
5157,2/1/2018
5171,4/28/2021
5213,4/20/2021
5223,8/21/2020
5229,5/15/2020
5230,8/9/2019
5246,6/30/2020
5254,5/14/2021
5308,9/11/2020
5313,6/29/2017
5347,12/23/2020
5358,10/11/2019
5458,4/6/2018
5460,10/28/2020
5467,3/23/2018
5488,2/1/2018
5562,5/1/2017
5566,5/21/2019
5587,7/10/2019
5588,10/24/2018
5597,7/10/2019
5620,3/31/2017
5658,11/19/2019
5678,2/8/2019
5693,8/3/2018
5705,8/14/2020
5711,3/10/2021
5726,8/14/2020
5746,2/1/2019
5796,7/7/2017
5811,2/11/2020
5853,11/6/2020
5854,7/27/2018
5870,3/27/2020
5898,12/12/2019
5943,4/6/2018
5947,11/22/2017
5988,10/2/2020
5991,12/1/2020
5997,3/26/2021
6013,4/28/2017
6049,3/22/2021
6141,6/25/2018
6207,2/1/2018
6282,6/25/2018
6340,6/17/2019
6343,4/6/2020
6388,5/21/2021
6416,12/7/2018
6449,12/1/2020
6494,3/1/2021
6499,9/14/2018
6588,7/10/2019
6642,2/26/2021
6694,6/29/2018
6707,3/24/2021
6759,6/25/2018
6770,12/1/2020
6858,4/28/2021
6917,12/18/2017
6966,2/18/2020
7010,12/15/2020
7038,8/10/2018
7109,9/6/2018
7243,5/15/2020
7314,9/18/2019
7384,4/15/2020
7387,10/12/2018
7413,6/13/2018
7442,7/10/2019
7446,11/6/2020
7469,3/11/2021
7487,12/1/2020
7515,2/4/2020
7516,12/18/2018
7518,12/10/2020
7529,9/12/2019
7532,2/3/2021
7570,11/11/2019
7577,7/31/2020
7583,1/7/2020
7584,5/21/2020
7630,11/5/2019
7708,6/28/2019
7752,12/31/2020
7777,3/25/2020
7836,4/10/2018
7869,1/30/2019
7957,8/3/2020
7991,10/1/2017
7995,3/7/2018
8016,4/12/2021
8027,12/1/2020
8029,1/31/2020
8053,6/29/2017
8090,10/16/2020
8100,7/10/2019
8143,3/10/2021
8161,9/6/2018
8193,4/19/2018
8214,4/17/2020
8263,2/14/2019
8264,12/16/2020
8423,3/19/2021
8434,4/8/2020
8513,2/1/2018
8561,12/1/2020
8566,5/1/2020
8625,7/10/2019
8684,10/9/2018
8745,3/9/2018
8751,1/22/2021
8759,2/22/2021
8767,5/28/2020
8769,11/1/2018
8826,7/13/2020
8831,3/1/2019
8848,7/1/2020
8861,9/25/2020
8884,8/9/2019
8893,3/27/2020
8903,12/1/2020
8944,2/16/2021
8969,12/17/2018
8984,8/6/2019
8985,6/26/2019
9006,8/10/2018
9022,1/30/2019
9023,2/12/2021
9027,12/1/2020
9077,5/28/2020
9087,3/31/2017
9120,10/20/2017
9131,1/5/2018
9149,12/1/2020
9150,8/17/2018
9188,8/29/2019
9207,12/31/2020
9210,2/12/2021
9227,2/2/2018
9244,9/28/2018
9252,11/8/2019
9262,11/6/2020
9263,12/1/2020
9328,3/29/2021
9331,12/4/2018
9332,12/1/2020
9336,6/18/2020
9344,7/10/2019
9360,2/1/2018
9382,8/9/2019
9392,1/10/2020
9480,4/2/2021
9500,2/1/2019
9560,8/9/2019
9568,5/8/2020
9575,12/1/2020
9591,8/1/2018
9595,7/24/2019
9666,11/18/2020
9682,2/23/2018
9713,3/16/2021
9715,7/1/2019
9730,12/1/2020
9770,8/27/2020
9792,9/27/2019
9797,6/29/2018
9798,9/7/2018
9830,4/26/2019
9860,4/29/2021
9881,3/8/2019
9901,12/1/2020
9918,10/2/2020
9933,1/17/2018
9940,3/5/2021
9954,5/4/2018
9978,12/18/2020
9996,7/20/2018
