STOREID,average daily demand,Distribution center
4166715,95,DC1
4166869,166,DC1
4167513,189,DC1
4167514,109,DC1
4168448,201,DC1
4168638,131,DC1
4168686,205,DC1
4168791,110,DC1
4168796,151,DC1
4168799,231,DC1
4168801,160,DC1
4168802,284,DC1
4168803,207,DC1
4168805,224,DC1
4168806,240,DC1
4168807,185,DC1
4168808,142,DC1
4168809,127,DC1
4168811,184,DC1
4168812,173,DC1
4168813,157,DC1
4168815,187,DC1
4168819,183,DC1
4168820,128,DC1
4168821,168,DC1
4168822,153,DC1
4168823,153,DC1
4168824,208,DC1
4168826,169,DC1
4168828,218,DC1
4168831,176,DC1
4168833,180,DC1
4168834,156,DC1
4168835,212,DC1
4168836,211,DC1
4168843,210,DC1
4168844,208,DC1
4168850,221,DC1
4168856,182,DC1
4168859,109,DC1
4168861,109,DC1
4168862,134,DC1
4168863,167,DC1
4168865,182,DC1
4168866,182,DC1
4168867,167,DC1
4168869,190,DC1
4168870,262,DC1
4168871,141,DC1
4168872,178,DC1
4168873,225,DC1
4168874,188,DC1
4168875,211,DC1
4168876,229,DC1
4168877,230,DC1
4168878,160,DC1
4168879,197,DC1
4168880,240,DC1
4168881,149,DC1
4168884,171,DC1
4168885,171,DC1
4168886,197,DC1
4168887,169,DC1
4168888,219,DC1
4168891,249,DC1
4168935,133,DC1
4168965,165,DC1
4169472,137,DC1
4169488,133,DC1
4169497,308,DC1
4169505,109,DC1
4169507,112,DC1
4169517,163,DC1
4169520,164,DC1
4169527,198,DC1
4169532,105,DC1
4169536,169,DC1
4169550,127,DC1
4169560,221,DC1
4169563,259,DC1
4169568,155,DC1
4169570,181,DC1
4169576,116,DC1
4169582,209,DC1
4169592,107,DC1
4169593,164,DC1
4169613,132,DC1
4169708,212,DC1
4169709,167,DC1
4169713,199,DC1
4169714,215,DC1
4169715,192,DC1
4169717,260,DC1
4169718,140,DC1
4169719,183,DC1
4169720,135,DC1
4169721,175,DC1
4169729,155,DC1
4169730,168,DC1
4169732,206,DC1
4169733,125,DC1
4169734,223,DC1
4169736,223,DC1
4169737,170,DC1
4169738,179,DC1
4169739,182,DC1
4169740,176,DC1
4169742,152,DC1
4169744,224,DC1
4169745,142,DC1
4169746,181,DC1
4169747,210,DC1
4169751,147,DC1
4169752,189,DC1
4169753,162,DC1
4169754,146,DC1
4169757,131,DC1
4169758,352,DC1
4169761,177,DC1
4169767,235,DC1
4169773,288,DC1
4169777,164,DC1
4169778,219,DC1
4169780,185,DC1
4169782,139,DC1
4169783,224,DC1
4169784,241,DC1
4169786,139,DC1
4169788,150,DC1
4169791,181,DC1
4169793,159,DC1
4169794,199,DC1
4169795,148,DC1
4169796,216,DC1
4169800,303,DC1
4169802,130,DC1
4169803,144,DC1
4169804,151,DC1
4169807,151,DC1
4169809,127,DC1
4169811,133,DC1
4169812,176,DC1
4169813,151,DC1
4169814,166,DC1
4169820,228,DC1
4169821,137,DC1
4169825,147,DC1
4169826,175,DC1
4169827,176,DC1
4169828,149,DC1
4169829,184,DC1
4169831,218,DC1
4169835,173,DC1
4169839,310,DC1
4169844,417,DC1
4169849,259,DC1
4169855,348,DC1
4169859,136,DC1
4169862,153,DC1
4169864,147,DC1
4169870,212,DC1
4169872,179,DC1
4169873,180,DC1
4169874,173,DC1
4169875,156,DC1
4169877,103,DC1
4169878,123,DC1
4169879,147,DC1
4169880,124,DC1
4169881,110,DC1
4169883,276,DC1
4169886,244,DC1
4169888,303,DC1
4169889,252,DC1
4169896,157,DC1
4169897,156,DC1
4169899,200,DC1
4169900,122,DC1
4169901,190,DC1
4169910,167,DC1
4169911,180,DC1
4169912,138,DC1
4169918,117,DC1
4169920,143,DC1
4169921,168,DC1
4169922,140,DC1
4169923,209,DC1
4169926,141,DC1
4169933,161,DC1
4169934,130,DC1
4169935,127,DC1
4169936,217,DC1
4169938,194,DC1
4169943,202,DC1
4169945,152,DC1
4169946,265,DC1
4169948,102,DC1
4169949,130,DC1
4169950,125,DC1
4169952,162,DC1
4169953,180,DC1
4169954,191,DC1
4169968,130,DC1
4169972,236,DC1
4169977,167,DC1
4169978,139,DC1
4169979,149,DC1
4169986,255,DC1
4169989,212,DC1
4169991,115,DC1
4169992,127,DC1
4169993,110,DC1
4170003,135,DC1
4170004,112,DC1
4170005,140,DC1
4170006,182,DC1
4170007,113,DC1
4170009,140,DC1
4170010,146,DC1
4170014,291,DC1
4170033,108,DC1
4170035,140,DC1
4170044,214,DC1
4170061,167,DC1
4170062,124,DC1
4170064,126,DC1
4170067,105,DC1
4170069,110,DC1
4170071,192,DC1
4170075,150,DC1
4170078,114,DC1
4170082,216,DC1
4170085,190,DC1
4170087,152,DC1
4170088,157,DC1
4170089,159,DC1
4170094,249,DC1
4170098,146,DC1
4170103,101,DC1
4170215,142,DC1
4170218,231,DC1
4170219,98,DC1
4170221,132,DC1
4170222,243,DC1
4170223,256,DC1
4170231,189,DC1
4170232,101,DC1
4170233,116,DC1
4170236,139,DC1
4170238,167,DC1
4170241,140,DC1
4170242,133,DC1
4170245,108,DC1
4170246,131,DC1
4170247,135,DC1
4170249,133,DC1
4170250,128,DC1
4170252,116,DC1
4170254,156,DC1
4170259,121,DC1
4170261,134,DC1
4170262,163,DC1
4170265,157,DC1
4170269,265,DC1
4170281,197,DC1
4170282,102,DC1
4170285,113,DC1
4170289,210,DC1
4170292,127,DC1
4170293,100,DC1
4170295,216,DC1
4170297,125,DC1
4170300,177,DC1
4170301,142,DC1
4170303,150,DC1
4170305,139,DC1
4170306,155,DC1
4170307,152,DC1
4170309,204,DC1
4170315,186,DC1
4170317,126,DC1
4170318,140,DC1
4170319,126,DC1
4170320,229,DC1
4170322,146,DC1
4170324,175,DC1
4170327,186,DC1
4170328,194,DC1
4170331,277,DC1
4170336,142,DC1
4170337,168,DC1
4170342,127,DC1
4170343,221,DC1
4170344,179,DC1
4170347,175,DC1
4170349,93,DC1
4170353,145,DC1
4170354,145,DC1
4170357,149,DC1
4170360,130,DC1
4170361,156,DC1
4170362,120,DC1
4170365,197,DC1
4170366,175,DC1
4170369,145,DC1
4170371,188,DC1
4170375,148,DC1
4170378,108,DC1
4170381,180,DC1
4170382,163,DC1
4170384,226,DC1
4170388,138,DC1
4170389,93,DC1
4170390,142,DC1
4171019,263,DC1
4171022,313,DC1
4171266,161,DC1
4171286,142,DC1
4171363,155,DC1
4171380,133,DC1
4171381,143,DC1
4171382,153,DC1
4171383,127,DC1
4171385,135,DC1
4171386,134,DC1
4171388,141,DC1
4171474,156,DC1
4171499,206,DC1
4171592,155,DC1
4171593,156,DC1
4171596,157,DC1
4171611,138,DC1
4171618,108,DC1
4166646,236,DC10
4166667,147,DC10
4166668,148,DC10
4166676,126,DC10
4166679,172,DC10
4166686,106,DC10
4166696,132,DC10
4166698,205,DC10
4166700,132,DC10
4166723,171,DC10
4166732,113,DC10
4166735,175,DC10
4166753,91,DC10
4166757,144,DC10
4166764,126,DC10
4166771,106,DC10
4166776,224,DC10
4166777,133,DC10
4166779,139,DC10
4166791,171,DC10
4167047,189,DC10
4167632,132,DC10
4167634,207,DC10
4167636,155,DC10
4167640,136,DC10
4167643,159,DC10
4167695,194,DC10
4167731,147,DC10
4167791,157,DC10
4167802,138,DC10
4167850,170,DC10
4168476,186,DC10
4168478,153,DC10
4168479,222,DC10
4168483,142,DC10
4168486,194,DC10
4168488,134,DC10
4168489,165,DC10
4168493,138,DC10
4168494,132,DC10
4168496,140,DC10
4168499,165,DC10
4168500,198,DC10
4168503,209,DC10
4168504,125,DC10
4168506,124,DC10
4168509,152,DC10
4168511,160,DC10
4168513,146,DC10
4168515,210,DC10
4168519,164,DC10
4168520,110,DC10
4168521,265,DC10
4168525,191,DC10
4168527,146,DC10
4168528,198,DC10
4168530,252,DC10
4168533,183,DC10
4168536,153,DC10
4168537,113,DC10
4168541,109,DC10
4168543,127,DC10
4168544,166,DC10
4168546,139,DC10
4168549,135,DC10
4168551,170,DC10
4168552,95,DC10
4168553,208,DC10
4168557,175,DC10
4168560,133,DC10
4168561,156,DC10
4168563,186,DC10
4168565,150,DC10
4168568,166,DC10
4168570,110,DC10
4168571,182,DC10
4168573,179,DC10
4169132,120,DC10
4169134,191,DC10
4169140,166,DC10
4169141,126,DC10
4169144,174,DC10
4169147,188,DC10
4169148,121,DC10
4169154,189,DC10
4169155,132,DC10
4169157,154,DC10
4169159,170,DC10
4169161,153,DC10
4169164,167,DC10
4169168,227,DC10
4169170,122,DC10
4169172,158,DC10
4169174,145,DC10
4169176,163,DC10
4169178,197,DC10
4169180,128,DC10
4169185,142,DC10
4169187,144,DC10
4169190,175,DC10
4169195,137,DC10
4169197,133,DC10
4169705,217,DC10
4170660,220,DC10
4170671,164,DC10
4170672,132,DC10
4170676,108,DC10
4170679,151,DC10
4170680,206,DC10
4170684,179,DC10
4170686,160,DC10
4170687,160,DC10
4170689,170,DC10
4170691,165,DC10
4170695,127,DC10
4170698,208,DC10
4170699,239,DC10
4170701,134,DC10
4170703,160,DC10
4170706,142,DC10
4170709,163,DC10
4170712,203,DC10
4170714,169,DC10
4170715,132,DC10
4170718,193,DC10
4170721,140,DC10
4170725,145,DC10
4170728,129,DC10
4170732,92,DC10
4170736,180,DC10
4170738,190,DC10
4170742,249,DC10
4170745,182,DC10
4170749,186,DC10
4170750,266,DC10
4170756,264,DC10
4170759,100,DC10
4170765,236,DC10
4170768,170,DC10
4170770,242,DC10
4170772,199,DC10
4170775,172,DC10
4170778,199,DC10
4170781,196,DC10
4170783,133,DC10
4170784,113,DC10
4170785,169,DC10
4170788,140,DC10
4170791,159,DC10
4170793,137,DC10
4170795,136,DC10
4170798,304,DC10
4170801,195,DC10
4170804,161,DC10
4170807,115,DC10
4170808,159,DC10
4170812,124,DC10
4170814,134,DC10
4170815,148,DC10
4170816,175,DC10
4170817,123,DC10
4170820,156,DC10
4170826,276,DC10
4170828,317,DC10
4170832,181,DC10
4170836,148,DC10
4170845,160,DC10
4170847,141,DC10
4170848,194,DC10
4170850,116,DC10
4170852,284,DC10
4170855,199,DC10
4170860,144,DC10
4170864,143,DC10
4170867,221,DC10
4170869,146,DC10
4170871,117,DC10
4170873,117,DC10
4170874,163,DC10
4170877,146,DC10
4170878,383,DC10
4170881,179,DC10
4170883,168,DC10
4170885,232,DC10
4170886,257,DC10
4170890,141,DC10
4170892,253,DC10
4170895,197,DC10
4170897,189,DC10
4170899,153,DC10
4170901,171,DC10
4170903,170,DC10
4170905,169,DC10
4170907,171,DC10
4170909,201,DC10
4170910,316,DC10
4170914,179,DC10
4170915,217,DC10
4170918,201,DC10
4170919,233,DC10
4170922,233,DC10
4170924,265,DC10
4170926,184,DC10
4170928,308,DC10
4170929,387,DC10
4170933,234,DC10
4170935,205,DC10
4170936,102,DC10
4170938,101,DC10
4170940,165,DC10
4170942,256,DC10
4170945,196,DC10
4170947,120,DC10
4170949,162,DC10
4170954,161,DC10
4170956,210,DC10
4170957,369,DC10
4170963,146,DC10
4170965,274,DC10
4170968,156,DC10
4170970,232,DC10
4170972,114,DC10
4170974,95,DC10
4170975,199,DC10
4170978,155,DC10
4170979,163,DC10
4170981,269,DC10
4170987,151,DC10
4170988,178,DC10
4170989,130,DC10
4171003,131,DC10
4171004,183,DC10
4171007,184,DC10
4171008,241,DC10
4171010,337,DC10
4171013,296,DC10
4171016,206,DC10
4171018,183,DC10
4171024,138,DC10
4171026,157,DC10
4171028,169,DC10
4171033,206,DC10
4171035,136,DC10
4171037,199,DC10
4171039,119,DC10
4171041,286,DC10
4171044,165,DC10
4171047,110,DC10
4171048,155,DC10
4171049,250,DC10
4171054,162,DC10
4171059,174,DC10
4171063,194,DC10
4171066,195,DC10
4171068,177,DC10
4171069,124,DC10
4171072,242,DC10
4171074,167,DC10
4171076,115,DC10
4171077,173,DC10
4171079,179,DC10
4171082,176,DC10
4171084,139,DC10
4171086,162,DC10
4171087,271,DC10
4171090,137,DC10
4171092,245,DC10
4171093,122,DC10
4171095,156,DC10
4171097,137,DC10
4171099,194,DC10
4171101,158,DC10
4171108,233,DC10
4171111,282,DC10
4171113,178,DC10
4171121,164,DC10
4171131,124,DC10
4171132,191,DC10
4171133,193,DC10
4171138,231,DC10
4171141,133,DC10
4166666,225,DC11
4166673,163,DC11
4166675,133,DC11
4166678,101,DC11
4166690,113,DC11
4166697,120,DC11
4166699,168,DC11
4166719,127,DC11
4166725,173,DC11
4166750,120,DC11
4166754,139,DC11
4166758,145,DC11
4166762,142,DC11
4166768,141,DC11
4166770,131,DC11
4166772,107,DC11
4166775,136,DC11
4166778,133,DC11
4166785,187,DC11
4166788,195,DC11
4166789,131,DC11
4166794,138,DC11
4167631,191,DC11
4167633,133,DC11
4167635,202,DC11
4167641,107,DC11
4167642,107,DC11
4167645,148,DC11
4167691,182,DC11
4167697,162,DC11
4167801,138,DC11
4167831,149,DC11
4167885,137,DC11
4168477,190,DC11
4168480,175,DC11
4168482,142,DC11
4168484,157,DC11
4168485,113,DC11
4168487,150,DC11
4168490,130,DC11
4168491,187,DC11
4168492,171,DC11
4168495,198,DC11
4168497,102,DC11
4168498,139,DC11
4168501,192,DC11
4168502,163,DC11
4168505,124,DC11
4168507,111,DC11
4168508,152,DC11
4168510,176,DC11
4168512,146,DC11
4168514,151,DC11
4168516,149,DC11
4168517,215,DC11
4168518,137,DC11
4168522,163,DC11
4168523,153,DC11
4168524,159,DC11
4168526,190,DC11
4168529,195,DC11
4168531,170,DC11
4168532,170,DC11
4168534,147,DC11
4168535,114,DC11
4168538,127,DC11
4168539,207,DC11
4168540,133,DC11
4168542,121,DC11
4168545,151,DC11
4168547,117,DC11
4168548,135,DC11
4168550,140,DC11
4168554,185,DC11
4168555,150,DC11
4168556,135,DC11
4168558,181,DC11
4168559,210,DC11
4168562,157,DC11
4168564,146,DC11
4168566,154,DC11
4168567,104,DC11
4168569,208,DC11
4168572,126,DC11
4168623,177,DC11
4169133,140,DC11
4169136,226,DC11
4169139,132,DC11
4169142,129,DC11
4169146,153,DC11
4169149,207,DC11
4169151,145,DC11
4169152,144,DC11
4169156,152,DC11
4169158,199,DC11
4169160,141,DC11
4169162,115,DC11
4169163,147,DC11
4169167,162,DC11
4169169,205,DC11
4169171,121,DC11
4169173,158,DC11
4169175,167,DC11
4169177,140,DC11
4169179,149,DC11
4169181,190,DC11
4169182,112,DC11
4169184,131,DC11
4169186,168,DC11
4169188,151,DC11
4169189,170,DC11
4169191,162,DC11
4169192,194,DC11
4169194,143,DC11
4170140,157,DC11
4170662,140,DC11
4170669,235,DC11
4170674,131,DC11
4170675,172,DC11
4170678,162,DC11
4170681,160,DC11
4170682,122,DC11
4170683,201,DC11
4170685,164,DC11
4170688,205,DC11
4170690,219,DC11
4170694,127,DC11
4170696,127,DC11
4170697,172,DC11
4170700,134,DC11
4170702,164,DC11
4170704,136,DC11
4170705,136,DC11
4170708,113,DC11
4170711,201,DC11
4170713,243,DC11
4170716,307,DC11
4170717,161,DC11
4170719,140,DC11
4170722,162,DC11
4170726,153,DC11
4170727,130,DC11
4170731,184,DC11
4170733,211,DC11
4170737,218,DC11
4170740,202,DC11
4170744,181,DC11
4170747,204,DC11
4170751,165,DC11
4170754,169,DC11
4170755,170,DC11
4170760,213,DC11
4170761,164,DC11
4170767,165,DC11
4170769,170,DC11
4170771,178,DC11
4170773,173,DC11
4170774,148,DC11
4170776,165,DC11
4170780,229,DC11
4170782,200,DC11
4170786,141,DC11
4170790,160,DC11
4170792,230,DC11
4170794,136,DC11
4170800,221,DC11
4170802,196,DC11
4170803,165,DC11
4170806,139,DC11
4170811,274,DC11
4170813,155,DC11
4170818,262,DC11
4170821,177,DC11
4170827,262,DC11
4170831,142,DC11
4170833,182,DC11
4170834,139,DC11
4170835,125,DC11
4170844,138,DC11
4170846,182,DC11
4170849,143,DC11
4170851,136,DC11
4170854,223,DC11
4170856,198,DC11
4170861,178,DC11
4170862,117,DC11
4170865,143,DC11
4170868,146,DC11
4170872,184,DC11
4170876,194,DC11
4170879,311,DC11
4170880,179,DC11
4170882,140,DC11
4170884,177,DC11
4170888,157,DC11
4170889,186,DC11
4170891,140,DC11
4170893,225,DC11
4170894,101,DC11
4170896,167,DC11
4170898,212,DC11
4170900,172,DC11
4170902,173,DC11
4170904,150,DC11
4170906,195,DC11
4170908,136,DC11
4170911,173,DC11
4170912,204,DC11
4170913,183,DC11
4170916,217,DC11
4170917,165,DC11
4170920,199,DC11
4170921,187,DC11
4170923,168,DC11
4170925,194,DC11
4170927,232,DC11
4170930,244,DC11
4170931,163,DC11
4170932,164,DC11
4170934,296,DC11
4170937,102,DC11
4170939,168,DC11
4170941,134,DC11
4170943,183,DC11
4170944,124,DC11
4170948,126,DC11
4170950,137,DC11
4170952,139,DC11
4170953,146,DC11
4170955,161,DC11
4170958,156,DC11
4170959,166,DC11
4170962,183,DC11
4170964,146,DC11
4170966,163,DC11
4170967,169,DC11
4170969,96,DC11
4170971,234,DC11
4170973,154,DC11
4170976,171,DC11
4170977,158,DC11
4170980,163,DC11
4170982,96,DC11
4170983,110,DC11
4170984,190,DC11
4170986,154,DC11
4170990,130,DC11
4170991,170,DC11
4171002,150,DC11
4171005,149,DC11
4171009,320,DC11
4171011,156,DC11
4171012,150,DC11
4171014,136,DC11
4171015,136,DC11
4171017,143,DC11
4171020,193,DC11
4171021,137,DC11
4171023,138,DC11
4171025,138,DC11
4171029,175,DC11
4171032,203,DC11
4171036,182,DC11
4171038,124,DC11
4171040,244,DC11
4171042,136,DC11
4171043,150,DC11
4171045,113,DC11
4171046,175,DC11
4171050,235,DC11
4171053,161,DC11
4171055,168,DC11
4171062,148,DC11
4171064,140,DC11
4171067,134,DC11
4171070,202,DC11
4171071,120,DC11
4171073,160,DC11
4171075,159,DC11
4171078,202,DC11
4171080,128,DC11
4171081,175,DC11
4171083,141,DC11
4171085,161,DC11
4171088,171,DC11
4171089,218,DC11
4171091,214,DC11
4171094,142,DC11
4171096,167,DC11
4171098,136,DC11
4171100,158,DC11
4171102,125,DC11
4171103,183,DC11
4171109,149,DC11
4171112,179,DC11
4171116,172,DC11
4171117,172,DC11
4171124,200,DC11
4171127,87,DC11
4171134,155,DC11
4171139,99,DC11
4171140,113,DC11
4171143,229,DC11
4171576,122,DC11
4171587,165,DC11
4166716,163,DC12
4166759,242,DC12
4166760,198,DC12
4166761,206,DC12
4166765,176,DC12
4166766,154,DC12
4166767,107,DC12
4166769,92,DC12
4166780,129,DC12
4166781,129,DC12
4166782,153,DC12
4166783,153,DC12
4166784,111,DC12
4166786,103,DC12
4166787,230,DC12
4166792,123,DC12
4166793,165,DC12
4167373,124,DC12
4167374,152,DC12
4167375,164,DC12
4167376,148,DC12
4167377,141,DC12
4167378,109,DC12
4167379,115,DC12
4167381,182,DC12
4167382,123,DC12
4167383,180,DC12
4167384,117,DC12
4167385,257,DC12
4167386,105,DC12
4167387,148,DC12
4167388,156,DC12
4167389,214,DC12
4167390,149,DC12
4167391,148,DC12
4167392,129,DC12
4167393,212,DC12
4167394,144,DC12
4167395,180,DC12
4167396,159,DC12
4167397,159,DC12
4167398,209,DC12
4167399,220,DC12
4167400,167,DC12
4167401,144,DC12
4167402,184,DC12
4167403,128,DC12
4167404,121,DC12
4167405,244,DC12
4167406,254,DC12
4167407,164,DC12
4167409,214,DC12
4167410,136,DC12
4167411,243,DC12
4167412,134,DC12
4167413,180,DC12
4167414,137,DC12
4167415,125,DC12
4167416,202,DC12
4167417,188,DC12
4167418,116,DC12
4167419,233,DC12
4167420,186,DC12
4167421,155,DC12
4167422,161,DC12
4167423,117,DC12
4167424,154,DC12
4167426,160,DC12
4167427,200,DC12
4167428,121,DC12
4167429,281,DC12
4167430,195,DC12
4167431,142,DC12
4167432,187,DC12
4167433,165,DC12
4167434,231,DC12
4167435,165,DC12
4167436,122,DC12
4167437,130,DC12
4167438,159,DC12
4167439,131,DC12
4167440,127,DC12
4167442,221,DC12
4167443,138,DC12
4167444,151,DC12
4167445,147,DC12
4167446,147,DC12
4167448,201,DC12
4167449,148,DC12
4167450,195,DC12
4167451,232,DC12
4167452,174,DC12
4167453,207,DC12
4167454,145,DC12
4167455,169,DC12
4167456,179,DC12
4167457,171,DC12
4167458,135,DC12
4167459,183,DC12
4167460,111,DC12
4167462,194,DC12
4167463,180,DC12
4167464,175,DC12
4167465,122,DC12
4167466,236,DC12
4167467,162,DC12
4167468,161,DC12
4167469,306,DC12
4167470,282,DC12
4167471,120,DC12
4167472,143,DC12
4167473,143,DC12
4167474,134,DC12
4167475,235,DC12
4167782,101,DC12
4168071,187,DC12
4168074,187,DC12
4168075,107,DC12
4168076,107,DC12
4168077,142,DC12
4168078,171,DC12
4168079,181,DC12
4168080,151,DC12
4168081,183,DC12
4168084,185,DC12
4168085,127,DC12
4168087,179,DC12
4168090,105,DC12
4168091,183,DC12
4168092,137,DC12
4168093,200,DC12
4168094,201,DC12
4168096,199,DC12
4168100,225,DC12
4168103,154,DC12
4168104,183,DC12
4168105,108,DC12
4168149,214,DC12
4168346,181,DC12
4168367,156,DC12
4168373,187,DC12
4168374,139,DC12
4168375,138,DC12
4168376,161,DC12
4168377,181,DC12
4168378,133,DC12
4168379,93,DC12
4168380,148,DC12
4168381,186,DC12
4168382,118,DC12
4168384,124,DC12
4168385,248,DC12
4168386,128,DC12
4168387,165,DC12
4168388,154,DC12
4168389,259,DC12
4168390,129,DC12
4168391,148,DC12
4168392,234,DC12
4168393,200,DC12
4168394,185,DC12
4168395,171,DC12
4168396,161,DC12
4168397,151,DC12
4168398,131,DC12
4168399,170,DC12
4168400,129,DC12
4168727,234,DC12
4168953,136,DC12
4169011,164,DC12
4169015,177,DC12
4169021,117,DC12
4169039,130,DC12
4169040,230,DC12
4169041,218,DC12
4169042,205,DC12
4169044,267,DC12
4169046,194,DC12
4169055,141,DC12
4169061,176,DC12
4169063,108,DC12
4169068,179,DC12
4169069,130,DC12
4169072,143,DC12
4169074,140,DC12
4169078,201,DC12
4169079,155,DC12
4169080,177,DC12
4169082,157,DC12
4169083,144,DC12
4169084,137,DC12
4169085,151,DC12
4169086,117,DC12
4169087,155,DC12
4169088,197,DC12
4169089,206,DC12
4169093,194,DC12
4169111,222,DC12
4169113,173,DC12
4169114,172,DC12
4169115,126,DC12
4169117,161,DC12
4169121,162,DC12
4169123,141,DC12
4169124,184,DC12
4169126,172,DC12
4169129,104,DC12
4169330,163,DC12
4169445,196,DC12
4169446,163,DC12
4169447,141,DC12
4169448,165,DC12
4169449,124,DC12
4169450,183,DC12
4169451,171,DC12
4169452,140,DC12
4169453,142,DC12
4169454,88,DC12
4169455,157,DC12
4169456,182,DC12
4169457,175,DC12
4169458,156,DC12
4169620,124,DC12
4169633,120,DC12
4169667,119,DC12
4170105,267,DC12
4170106,97,DC12
4170107,172,DC12
4170108,146,DC12
4170109,138,DC12
4170110,146,DC12
4170111,186,DC12
4170112,167,DC12
4170113,182,DC12
4170114,165,DC12
4170115,154,DC12
4170116,183,DC12
4170117,180,DC12
4170118,149,DC12
4170119,207,DC12
4170120,171,DC12
4170121,134,DC12
4170122,184,DC12
4170123,199,DC12
4170124,163,DC12
4170125,149,DC12
4170126,97,DC12
4170127,140,DC12
4170128,174,DC12
4170129,206,DC12
4170130,226,DC12
4170131,151,DC12
4170133,256,DC12
4170134,190,DC12
4170135,177,DC12
4170136,154,DC12
4170137,150,DC12
4170138,173,DC12
4170139,152,DC12
4170141,176,DC12
4170142,152,DC12
4170143,175,DC12
4170144,149,DC12
4170145,266,DC12
4170147,168,DC12
4170148,195,DC12
4170149,155,DC12
4170150,184,DC12
4170151,243,DC12
4170516,148,DC12
4170517,165,DC12
4170518,126,DC12
4170520,175,DC12
4170521,158,DC12
4170522,212,DC12
4170523,140,DC12
4170526,144,DC12
4170527,133,DC12
4170528,168,DC12
4170673,150,DC12
4170796,178,DC12
4170805,153,DC12
4170838,116,DC12
4170839,140,DC12
4170840,119,DC12
4170841,136,DC12
4170842,192,DC12
4170843,148,DC12
4170960,128,DC12
4170961,175,DC12
4171051,149,DC12
4171052,123,DC12
4171105,119,DC12
4171106,157,DC12
4171107,155,DC12
4171114,172,DC12
4171115,183,DC12
4171126,88,DC12
4171130,88,DC12
4171449,176,DC12
4171641,152,DC12
4171648,199,DC12
4171649,187,DC12
4166795,166,DC13
4166796,166,DC13
4166797,150,DC13
4166798,167,DC13
4166800,186,DC13
4166801,260,DC13
4166802,262,DC13
4166803,219,DC13
4166804,193,DC13
4166805,167,DC13
4166806,134,DC13
4166807,194,DC13
4166808,162,DC13
4166809,162,DC13
4166810,143,DC13
4166811,194,DC13
4166812,178,DC13
4166813,207,DC13
4166814,158,DC13
4166815,209,DC13
4166816,202,DC13
4166817,285,DC13
4166818,248,DC13
4166819,232,DC13
4166820,234,DC13
4166821,143,DC13
4166822,143,DC13
4166823,124,DC13
4166824,112,DC13
4166825,112,DC13
4166826,204,DC13
4166827,156,DC13
4166828,175,DC13
4166829,175,DC13
4166830,175,DC13
4166831,195,DC13
4166832,141,DC13
4166833,103,DC13
4166834,107,DC13
4166835,205,DC13
4166836,196,DC13
4166837,207,DC13
4166838,165,DC13
4166839,192,DC13
4166840,206,DC13
4166841,160,DC13
4166842,192,DC13
4166843,192,DC13
4166844,169,DC13
4166845,169,DC13
4166846,236,DC13
4166847,179,DC13
4166848,182,DC13
4166849,210,DC13
4166850,192,DC13
4166851,149,DC13
4166852,150,DC13
4166853,178,DC13
4166854,211,DC13
4166855,204,DC13
4166856,264,DC13
4166857,164,DC13
4166858,214,DC13
4166859,154,DC13
4166860,115,DC13
4166861,152,DC13
4166862,234,DC13
4166863,147,DC13
4166864,278,DC13
4166865,147,DC13
4166866,195,DC13
4166867,203,DC13
4166868,142,DC13
4166870,197,DC13
4166871,137,DC13
4166873,171,DC13
4166874,274,DC13
4166875,204,DC13
4166876,169,DC13
4166877,147,DC13
4166878,243,DC13
4166879,130,DC13
4166880,222,DC13
4166881,204,DC13
4166882,185,DC13
4166883,136,DC13
4166884,307,DC13
4166885,208,DC13
4166886,179,DC13
4166887,244,DC13
4166888,122,DC13
4166889,192,DC13
4166890,249,DC13
4166891,149,DC13
4166892,149,DC13
4166893,121,DC13
4166894,175,DC13
4166929,162,DC13
4167117,104,DC13
4167259,241,DC13
4167318,211,DC13
4167326,170,DC13
4167327,167,DC13
4167425,179,DC13
4167441,132,DC13
4169619,123,DC13
4169621,120,DC13
4169622,145,DC13
4169623,122,DC13
4169624,136,DC13
4169625,234,DC13
4169626,115,DC13
4169627,167,DC13
4169628,187,DC13
4169629,168,DC13
4169630,147,DC13
4169631,133,DC13
4169632,227,DC13
4169634,209,DC13
4169635,174,DC13
4169636,131,DC13
4169637,131,DC13
4169638,108,DC13
4169639,204,DC13
4169640,123,DC13
4169641,231,DC13
4169642,121,DC13
4169643,145,DC13
4169644,128,DC13
4169646,228,DC13
4169647,194,DC13
4169648,88,DC13
4169649,138,DC13
4169650,159,DC13
4169651,142,DC13
4169652,141,DC13
4169653,271,DC13
4169654,187,DC13
4169655,211,DC13
4169656,217,DC13
4169657,158,DC13
4169658,158,DC13
4169659,184,DC13
4169660,183,DC13
4169661,273,DC13
4169662,331,DC13
4169663,218,DC13
4169664,201,DC13
4169665,168,DC13
4169668,143,DC13
4169682,134,DC13
4169684,310,DC13
4169687,248,DC13
4169688,190,DC13
4169691,184,DC13
4169694,190,DC13
4169699,178,DC13
4169700,207,DC13
4169701,236,DC13
4169702,209,DC13
4169707,135,DC13
4170677,288,DC13
4170692,155,DC13
4170693,151,DC13
4170707,128,DC13
4170720,136,DC13
4170723,108,DC13
4170729,304,DC13
4170730,261,DC13
4170734,189,DC13
4170735,217,DC13
4170739,134,DC13
4170741,148,DC13
4170743,234,DC13
4170746,215,DC13
4170748,255,DC13
4170752,165,DC13
4170753,130,DC13
4170757,178,DC13
4170758,229,DC13
4170762,158,DC13
4170763,164,DC13
4170764,193,DC13
4170777,215,DC13
4170797,309,DC13
4170799,113,DC13
4170809,150,DC13
4170810,152,DC13
4170819,323,DC13
4170822,130,DC13
4170823,131,DC13
4170824,153,DC13
4170825,192,DC13
4170829,241,DC13
4170853,141,DC13
4170857,230,DC13
4170858,221,DC13
4170859,260,DC13
4170863,125,DC13
4170866,126,DC13
4170870,186,DC13
4170875,206,DC13
4170946,126,DC13
4170951,255,DC13
4170992,335,DC13
4170993,116,DC13
4170994,275,DC13
4170995,221,DC13
4170996,178,DC13
4170997,146,DC13
4170998,443,DC13
4170999,258,DC13
4171000,136,DC13
4171001,137,DC13
4171030,142,DC13
4171031,170,DC13
4171034,183,DC13
4171057,235,DC13
4171058,234,DC13
4171065,178,DC13
4171104,133,DC13
4171110,196,DC13
4171118,133,DC13
4171119,107,DC13
4171120,112,DC13
4171122,149,DC13
4171135,146,DC13
4171136,156,DC13
4171137,94,DC13
4171142,195,DC13
4171156,105,DC13
4171164,209,DC13
4171176,132,DC13
4171184,150,DC13
4166799,167,DC14
4166964,195,DC14
4167447,172,DC14
4167823,126,DC14
4168106,249,DC14
4168108,140,DC14
4168109,199,DC14
4168110,203,DC14
4168111,203,DC14
4168112,159,DC14
4168113,158,DC14
4168114,152,DC14
4168115,172,DC14
4168116,200,DC14
4168117,141,DC14
4168118,141,DC14
4168119,164,DC14
4168120,149,DC14
4168121,167,DC14
4168122,149,DC14
4168123,120,DC14
4168124,156,DC14
4168125,184,DC14
4168126,152,DC14
4168127,210,DC14
4168128,140,DC14
4168129,213,DC14
4168130,173,DC14
4168131,186,DC14
4168132,242,DC14
4168133,169,DC14
4168134,135,DC14
4168895,159,DC14
4168900,118,DC14
4168901,127,DC14
4168929,94,DC14
4168938,219,DC14
4168958,133,DC14
4168966,141,DC14
4168972,145,DC14
4168977,119,DC14
4168984,137,DC14
4168986,116,DC14
4168996,180,DC14
4169001,190,DC14
4169007,163,DC14
4169076,215,DC14
4169198,180,DC14
4169199,171,DC14
4169200,186,DC14
4169201,191,DC14
4169202,192,DC14
4169203,150,DC14
4169204,151,DC14
4169205,234,DC14
4169206,179,DC14
4169436,169,DC14
4169437,117,DC14
4169438,159,DC14
4169439,198,DC14
4169440,184,DC14
4169441,241,DC14
4169442,90,DC14
4169443,168,DC14
4169444,164,DC14
4170163,155,DC14
4170167,159,DC14
4170171,136,DC14
4170173,140,DC14
4170174,215,DC14
4170175,181,DC14
4170176,185,DC14
4170177,165,DC14
4170178,208,DC14
4170179,125,DC14
4170180,192,DC14
4170181,177,DC14
4170182,139,DC14
4170183,155,DC14
4170184,248,DC14
4170185,149,DC14
4170187,198,DC14
4170190,140,DC14
4170192,146,DC14
4170193,241,DC14
4170194,165,DC14
4170195,202,DC14
4170204,148,DC14
4170206,288,DC14
4170207,179,DC14
4170208,298,DC14
4170210,184,DC14
4170519,133,DC14
4170524,224,DC14
4170525,190,DC14
4170529,105,DC14
4170530,182,DC14
4171061,88,DC14
4171149,197,DC14
4171150,121,DC14
4171151,221,DC14
4171152,177,DC14
4171153,200,DC14
4171154,202,DC14
4171155,240,DC14
4171157,165,DC14
4171159,136,DC14
4171160,191,DC14
4171161,192,DC14
4171162,238,DC14
4171163,193,DC14
4171165,202,DC14
4171166,250,DC14
4171169,175,DC14
4171170,199,DC14
4171171,157,DC14
4171172,157,DC14
4171173,154,DC14
4171174,154,DC14
4171175,186,DC14
4171177,211,DC14
4171178,184,DC14
4171179,139,DC14
4171180,116,DC14
4171181,207,DC14
4171182,182,DC14
4171183,134,DC14
4171185,225,DC14
4171186,182,DC14
4171187,194,DC14
4171188,254,DC14
4171189,147,DC14
4171190,152,DC14
4171191,164,DC14
4171192,136,DC14
4171194,199,DC14
4171195,264,DC14
4171389,154,DC14
4171390,182,DC14
4171392,129,DC14
4171393,215,DC14
4171394,218,DC14
4171395,128,DC14
4171396,126,DC14
4171397,219,DC14
4171398,185,DC14
4171399,162,DC14
4171400,171,DC14
4171401,173,DC14
4171402,133,DC14
4171403,207,DC14
4171404,109,DC14
4171405,150,DC14
4171406,160,DC14
4171407,141,DC14
4171408,140,DC14
4171409,123,DC14
4171410,132,DC14
4171411,123,DC14
4171412,221,DC14
4171413,195,DC14
4171414,184,DC14
4171415,136,DC14
4171416,179,DC14
4171417,126,DC14
4171418,174,DC14
4171419,150,DC14
4171420,192,DC14
4171421,203,DC14
4171422,171,DC14
4171423,164,DC14
4171424,241,DC14
4171425,240,DC14
4171426,158,DC14
4171427,188,DC14
4171428,221,DC14
4171429,193,DC14
4171430,232,DC14
4171431,175,DC14
4171432,194,DC14
4171433,160,DC14
4171434,164,DC14
4171435,154,DC14
4171436,192,DC14
4171437,218,DC14
4171438,272,DC14
4171439,158,DC14
4171440,145,DC14
4171441,145,DC14
4171442,195,DC14
4171443,180,DC14
4171444,195,DC14
4171445,157,DC14
4171446,298,DC14
4171447,184,DC14
4171448,205,DC14
4171450,210,DC14
4171451,176,DC14
4171452,108,DC14
4171453,147,DC14
4171454,230,DC14
4171455,183,DC14
4171456,202,DC14
4171457,241,DC14
4171458,116,DC14
4171459,181,DC14
4171460,182,DC14
4171461,145,DC14
4171462,145,DC14
4171463,218,DC14
4171464,203,DC14
4171465,196,DC14
4171466,163,DC14
4171467,163,DC14
4171468,170,DC14
4171469,123,DC14
4171470,163,DC14
4171471,166,DC14
4171472,108,DC14
4171473,108,DC14
4171477,196,DC14
4171478,188,DC14
4171479,112,DC14
4171480,97,DC14
4171481,224,DC14
4171482,147,DC14
4171483,91,DC14
4171484,172,DC14
4171485,168,DC14
4171486,183,DC14
4171487,179,DC14
4171488,227,DC14
4171489,242,DC14
4171490,217,DC14
4171491,131,DC14
4171492,164,DC14
4171493,132,DC14
4171494,192,DC14
4171495,216,DC14
4171496,156,DC14
4171497,134,DC14
4171500,172,DC14
4171501,188,DC14
4171502,163,DC14
4171637,164,DC14
4171638,175,DC14
4171639,148,DC14
4171640,125,DC14
4171642,128,DC14
4171644,128,DC14
4171645,117,DC14
4171646,116,DC14
4171647,135,DC14
4171650,174,DC14
4171651,168,DC14
4166899,213,DC15
4166901,169,DC15
4166902,157,DC15
4166903,259,DC15
4166908,228,DC15
4166909,151,DC15
4166910,247,DC15
4166912,176,DC15
4166913,153,DC15
4166917,246,DC15
4166918,209,DC15
4166919,192,DC15
4166920,180,DC15
4166921,168,DC15
4166922,168,DC15
4166924,181,DC15
4166925,254,DC15
4166926,297,DC15
4166928,307,DC15
4166932,217,DC15
4166933,305,DC15
4166934,177,DC15
4166935,245,DC15
4166939,201,DC15
4166941,222,DC15
4166944,198,DC15
4166945,181,DC15
4166946,140,DC15
4166947,234,DC15
4166948,156,DC15
4166949,254,DC15
4166954,289,DC15
4166955,239,DC15
4166956,210,DC15
4166958,175,DC15
4166961,261,DC15
4166962,318,DC15
4166963,164,DC15
4166967,206,DC15
4166968,155,DC15
4166969,191,DC15
4166970,158,DC15
4166971,203,DC15
4166972,243,DC15
4166973,259,DC15
4166974,153,DC15
4166975,142,DC15
4166976,259,DC15
4166978,196,DC15
4166979,220,DC15
4166980,281,DC15
4166981,199,DC15
4166984,231,DC15
4166985,212,DC15
4166987,271,DC15
4166988,273,DC15
4166989,137,DC15
4166990,203,DC15
4166991,265,DC15
4166992,200,DC15
4166993,206,DC15
4166997,279,DC15
4166998,227,DC15
4166999,212,DC15
4167000,195,DC15
4167001,199,DC15
4167026,279,DC15
4167027,276,DC15
4167028,113,DC15
4167029,131,DC15
4167030,193,DC15
4167031,291,DC15
4167033,248,DC15
4167037,228,DC15
4167038,192,DC15
4167048,131,DC15
4167050,327,DC15
4167051,203,DC15
4167052,202,DC15
4167055,194,DC15
4167056,177,DC15
4167059,255,DC15
4167061,315,DC15
4167063,322,DC15
4167064,162,DC15
4167066,214,DC15
4167068,357,DC15
4167069,189,DC15
4167071,192,DC15
4167073,225,DC15
4167077,140,DC15
4167078,260,DC15
4167081,169,DC15
4167082,323,DC15
4167083,207,DC15
4167088,205,DC15
4167090,219,DC15
4167091,219,DC15
4167092,220,DC15
4167093,218,DC15
4167099,153,DC15
4167104,202,DC15
4167105,248,DC15
4167106,167,DC15
4167107,183,DC15
4167108,161,DC15
4167110,194,DC15
4167111,212,DC15
4167112,270,DC15
4167114,198,DC15
4167115,225,DC15
4167116,222,DC15
4167119,174,DC15
4167124,131,DC15
4167125,121,DC15
4167128,202,DC15
4167132,271,DC15
4167135,154,DC15
4167136,181,DC15
4167137,195,DC15
4167138,185,DC15
4167139,238,DC15
4167140,181,DC15
4167141,159,DC15
4167142,223,DC15
4167144,118,DC15
4167145,207,DC15
4167147,132,DC15
4167150,281,DC15
4167152,127,DC15
4167153,241,DC15
4167155,157,DC15
4167158,235,DC15
4167162,185,DC15
4167165,208,DC15
4167167,176,DC15
4167169,217,DC15
4167171,235,DC15
4167172,168,DC15
4167176,151,DC15
4167178,189,DC15
4167180,173,DC15
4167182,235,DC15
4167183,204,DC15
4167184,200,DC15
4167185,212,DC15
4167186,313,DC15
4167197,246,DC15
4167203,178,DC15
4167209,271,DC15
4167212,239,DC15
4167213,243,DC15
4167216,152,DC15
4167219,286,DC15
4167220,319,DC15
4167221,181,DC15
4167222,291,DC15
4167226,170,DC15
4167227,271,DC15
4167232,160,DC15
4167234,173,DC15
4167236,229,DC15
4167239,237,DC15
4167240,214,DC15
4167241,186,DC15
4167242,206,DC15
4167243,303,DC15
4167244,282,DC15
4167247,315,DC15
4167248,143,DC15
4167250,202,DC15
4167255,279,DC15
4167256,166,DC15
4167266,176,DC15
4167269,268,DC15
4167270,249,DC15
4167271,183,DC15
4167273,280,DC15
4167274,237,DC15
4167275,197,DC15
4167279,187,DC15
4167285,208,DC15
4167286,188,DC15
4167291,199,DC15
4167293,228,DC15
4167299,207,DC15
4167300,205,DC15
4167303,132,DC15
4167304,185,DC15
4167305,269,DC15
4167306,171,DC15
4167307,140,DC15
4167308,277,DC15
4167311,116,DC15
4167313,189,DC15
4167314,232,DC15
4167317,223,DC15
4167319,167,DC15
4167324,256,DC15
4167330,114,DC15
4167331,179,DC15
4167332,169,DC15
4167336,187,DC15
4167339,240,DC15
4167340,290,DC15
4167341,343,DC15
4167342,170,DC15
4167343,170,DC15
4167344,273,DC15
4167346,204,DC15
4167347,187,DC15
4167349,177,DC15
4167350,205,DC15
4167351,286,DC15
4167352,175,DC15
4167353,188,DC15
4167360,149,DC15
4167361,279,DC15
4167362,189,DC15
4167363,350,DC15
4167364,112,DC15
4167365,139,DC15
4167366,139,DC15
4167368,136,DC15
4167369,148,DC15
4167371,173,DC15
4167372,206,DC15
4168683,193,DC15
4169666,267,DC15
4169669,151,DC15
4169670,129,DC15
4169671,203,DC15
4169672,201,DC15
4169673,209,DC15
4169674,194,DC15
4169675,167,DC15
4169676,187,DC15
4169677,153,DC15
4169678,214,DC15
4169679,155,DC15
4169680,172,DC15
4169681,171,DC15
4169683,112,DC15
4169685,271,DC15
4169686,150,DC15
4169689,124,DC15
4169690,124,DC15
4169692,247,DC15
4169693,186,DC15
4169695,200,DC15
4169696,149,DC15
4169697,192,DC15
4169698,221,DC15
4169703,164,DC15
4169704,160,DC15
4169706,176,DC15
4170162,178,DC15
4170165,116,DC15
4170166,205,DC15
4170168,257,DC15
4170169,204,DC15
4170170,147,DC15
4170172,179,DC15
4170186,175,DC15
4170189,200,DC15
4170191,147,DC15
4170196,193,DC15
4170197,164,DC15
4170198,189,DC15
4170199,230,DC15
4170200,148,DC15
4170201,142,DC15
4170202,223,DC15
4170203,174,DC15
4170205,157,DC15
4170209,166,DC15
4170211,214,DC15
4170438,103,DC15
4170454,226,DC15
4170887,199,DC15
4171006,156,DC15
4171027,155,DC15
4171498,192,DC15
4166897,167,DC16
4166898,253,DC16
4166900,150,DC16
4166904,166,DC16
4166905,191,DC16
4166906,170,DC16
4166907,369,DC16
4166911,231,DC16
4166914,223,DC16
4166915,146,DC16
4166916,147,DC16
4166923,253,DC16
4166927,252,DC16
4166930,101,DC16
4166931,271,DC16
4166936,189,DC16
4166937,225,DC16
4166938,226,DC16
4166940,110,DC16
4166942,195,DC16
4166943,311,DC16
4166950,164,DC16
4166951,164,DC16
4166952,149,DC16
4166953,182,DC16
4166957,182,DC16
4166959,391,DC16
4166960,228,DC16
4166965,162,DC16
4166966,258,DC16
4166977,367,DC16
4166982,234,DC16
4166986,197,DC16
4166995,181,DC16
4166996,209,DC16
4167002,194,DC16
4167003,235,DC16
4167004,306,DC16
4167005,184,DC16
4167006,246,DC16
4167007,171,DC16
4167008,232,DC16
4167009,267,DC16
4167010,293,DC16
4167011,255,DC16
4167012,160,DC16
4167013,181,DC16
4167014,324,DC16
4167015,206,DC16
4167016,247,DC16
4167017,238,DC16
4167018,100,DC16
4167019,91,DC16
4167020,217,DC16
4167021,279,DC16
4167022,197,DC16
4167023,269,DC16
4167024,269,DC16
4167025,241,DC16
4167032,232,DC16
4167034,285,DC16
4167039,261,DC16
4167040,238,DC16
4167041,278,DC16
4167042,207,DC16
4167043,207,DC16
4167044,228,DC16
4167045,196,DC16
4167046,88,DC16
4167049,343,DC16
4167053,140,DC16
4167054,140,DC16
4167057,216,DC16
4167058,302,DC16
4167060,198,DC16
4167062,239,DC16
4167065,316,DC16
4167067,253,DC16
4167070,189,DC16
4167072,256,DC16
4167074,123,DC16
4167075,207,DC16
4167076,139,DC16
4167080,200,DC16
4167084,171,DC16
4167085,138,DC16
4167087,424,DC16
4167089,158,DC16
4167094,150,DC16
4167095,170,DC16
4167096,206,DC16
4167097,269,DC16
4167098,261,DC16
4167100,153,DC16
4167101,152,DC16
4167102,254,DC16
4167103,155,DC16
4167109,426,DC16
4167113,175,DC16
4167120,145,DC16
4167121,283,DC16
4167122,171,DC16
4167123,170,DC16
4167126,204,DC16
4167127,202,DC16
4167129,191,DC16
4167130,204,DC16
4167131,218,DC16
4167133,162,DC16
4167134,161,DC16
4167143,196,DC16
4167148,267,DC16
4167149,289,DC16
4167151,228,DC16
4167154,158,DC16
4167156,196,DC16
4167157,195,DC16
4167159,253,DC16
4167160,312,DC16
4167161,158,DC16
4167163,235,DC16
4167164,279,DC16
4167166,287,DC16
4167168,374,DC16
4167170,242,DC16
4167173,160,DC16
4167174,158,DC16
4167175,221,DC16
4167177,274,DC16
4167179,215,DC16
4167181,155,DC16
4167187,176,DC16
4167188,235,DC16
4167189,217,DC16
4167190,276,DC16
4167191,166,DC16
4167192,287,DC16
4167193,179,DC16
4167194,163,DC16
4167195,206,DC16
4167196,361,DC16
4167198,188,DC16
4167199,211,DC16
4167200,242,DC16
4167201,305,DC16
4167202,182,DC16
4167204,175,DC16
4167205,183,DC16
4167206,283,DC16
4167207,175,DC16
4167208,330,DC16
4167210,235,DC16
4167211,191,DC16
4167214,261,DC16
4167215,335,DC16
4167217,226,DC16
4167218,210,DC16
4167223,258,DC16
4167224,147,DC16
4167228,169,DC16
4167229,161,DC16
4167230,139,DC16
4167231,210,DC16
4167233,238,DC16
4167235,259,DC16
4167237,166,DC16
4167238,251,DC16
4167245,237,DC16
4167246,239,DC16
4167249,235,DC16
4167251,166,DC16
4167252,167,DC16
4167253,174,DC16
4167254,243,DC16
4167257,140,DC16
4167258,282,DC16
4167260,271,DC16
4167261,294,DC16
4167262,181,DC16
4167263,171,DC16
4167264,170,DC16
4167265,228,DC16
4167267,235,DC16
4167268,196,DC16
4167272,170,DC16
4167276,188,DC16
4167277,171,DC16
4167278,248,DC16
4167280,187,DC16
4167281,166,DC16
4167282,127,DC16
4167283,237,DC16
4167284,302,DC16
4167287,257,DC16
4167289,147,DC16
4167290,215,DC16
4167292,203,DC16
4167294,346,DC16
4167295,208,DC16
4167297,323,DC16
4167298,347,DC16
4167301,241,DC16
4167302,249,DC16
4167309,178,DC16
4167310,213,DC16
4167312,140,DC16
4167315,144,DC16
4167316,154,DC16
4167320,124,DC16
4167321,187,DC16
4167322,148,DC16
4167323,231,DC16
4167325,200,DC16
4167328,184,DC16
4167329,103,DC16
4167333,333,DC16
4167334,412,DC16
4167335,223,DC16
4167337,187,DC16
4167338,333,DC16
4167345,278,DC16
4167348,141,DC16
4167354,223,DC16
4167355,208,DC16
4167356,203,DC16
4167357,166,DC16
4167358,242,DC16
4167359,183,DC16
4167367,163,DC16
4167370,289,DC16
4168321,158,DC2
4168401,198,DC2
4168403,138,DC2
4168404,123,DC2
4168410,138,DC2
4168412,144,DC2
4168419,214,DC2
4168421,119,DC2
4168422,120,DC2
4168424,131,DC2
4168427,163,DC2
4168434,193,DC2
4168437,118,DC2
4168439,170,DC2
4168440,132,DC2
4168441,132,DC2
4168442,189,DC2
4168443,188,DC2
4168444,201,DC2
4168446,160,DC2
4168451,217,DC2
4168454,138,DC2
4168455,243,DC2
4168457,120,DC2
4168460,211,DC2
4168461,152,DC2
4168465,158,DC2
4168471,146,DC2
4168481,149,DC2
4168720,121,DC2
4168731,134,DC2
4168732,153,DC2
4168733,153,DC2
4168734,152,DC2
4168762,103,DC2
4169092,162,DC2
4169207,132,DC2
4169208,193,DC2
4169209,177,DC2
4169210,231,DC2
4169211,233,DC2
4169212,195,DC2
4169286,108,DC2
4169288,154,DC2
4169302,170,DC2
4169304,122,DC2
4169317,144,DC2
4169320,136,DC2
4169346,162,DC2
4169362,163,DC2
4169380,166,DC2
4169409,199,DC2
4169410,98,DC2
4169421,132,DC2
4169423,110,DC2
4169425,121,DC2
4169427,249,DC2
4169510,160,DC2
4169534,219,DC2
4169543,227,DC2
4169792,234,DC2
4169834,124,DC2
4169890,130,DC2
4169891,130,DC2
4169892,131,DC2
4169893,131,DC2
4169894,203,DC2
4169895,211,DC2
4169898,102,DC2
4169902,266,DC2
4169903,179,DC2
4169904,163,DC2
4169905,115,DC2
4169906,162,DC2
4169907,114,DC2
4169908,124,DC2
4169909,157,DC2
4169913,134,DC2
4169914,152,DC2
4169915,114,DC2
4169917,129,DC2
4169919,145,DC2
4169924,148,DC2
4169927,138,DC2
4169928,144,DC2
4169929,150,DC2
4169930,139,DC2
4169931,136,DC2
4169932,160,DC2
4169937,180,DC2
4169939,205,DC2
4169940,108,DC2
4169941,166,DC2
4169942,206,DC2
4169944,173,DC2
4169947,181,DC2
4169951,160,DC2
4169955,110,DC2
4169956,275,DC2
4169957,114,DC2
4169958,140,DC2
4169959,118,DC2
4169960,131,DC2
4169961,178,DC2
4169962,115,DC2
4169963,120,DC2
4169964,113,DC2
4169965,186,DC2
4169966,129,DC2
4169967,129,DC2
4169969,202,DC2
4169970,282,DC2
4169971,103,DC2
4169973,241,DC2
4169974,187,DC2
4169975,261,DC2
4169976,176,DC2
4169980,252,DC2
4169981,145,DC2
4169984,206,DC2
4169985,273,DC2
4169987,152,DC2
4169988,129,DC2
4169990,125,DC2
4169994,161,DC2
4169995,255,DC2
4169996,143,DC2
4169997,304,DC2
4169998,253,DC2
4170000,114,DC2
4170001,121,DC2
4170002,115,DC2
4170008,180,DC2
4170011,226,DC2
4170012,218,DC2
4170013,103,DC2
4170015,204,DC2
4170016,146,DC2
4170017,236,DC2
4170019,165,DC2
4170020,134,DC2
4170021,120,DC2
4170022,147,DC2
4170023,157,DC2
4170024,153,DC2
4170025,184,DC2
4170026,134,DC2
4170027,167,DC2
4170028,243,DC2
4170029,111,DC2
4170030,119,DC2
4170031,108,DC2
4170032,104,DC2
4170034,147,DC2
4170036,215,DC2
4170037,222,DC2
4170038,230,DC2
4170039,184,DC2
4170040,167,DC2
4170041,246,DC2
4170042,234,DC2
4170043,98,DC2
4170045,101,DC2
4170046,161,DC2
4170047,145,DC2
4170048,147,DC2
4170049,119,DC2
4170050,202,DC2
4170051,131,DC2
4170052,229,DC2
4170053,176,DC2
4170054,133,DC2
4170055,165,DC2
4170056,127,DC2
4170057,178,DC2
4170058,179,DC2
4170059,175,DC2
4170060,147,DC2
4170063,192,DC2
4170065,151,DC2
4170066,116,DC2
4170068,103,DC2
4170070,109,DC2
4170072,116,DC2
4170073,95,DC2
4170074,125,DC2
4170076,118,DC2
4170079,111,DC2
4170080,187,DC2
4170081,110,DC2
4170084,204,DC2
4170086,189,DC2
4170092,157,DC2
4170093,89,DC2
4170095,122,DC2
4170096,158,DC2
4170097,134,DC2
4170099,145,DC2
4170101,113,DC2
4170104,119,DC2
4170212,146,DC2
4170224,136,DC2
4170225,175,DC2
4170226,188,DC2
4170227,245,DC2
4170237,233,DC2
4170248,125,DC2
4170263,232,DC2
4170264,121,DC2
4170266,186,DC2
4170267,98,DC2
4170290,195,DC2
4170310,178,DC2
4170321,203,DC2
4170334,164,DC2
4170340,141,DC2
4170355,174,DC2
4170363,167,DC2
4170364,104,DC2
4170367,155,DC2
4170374,180,DC2
4170377,138,DC2
4170391,180,DC2
4170393,92,DC2
4170395,134,DC2
4170396,145,DC2
4170546,154,DC2
4170603,213,DC2
4170639,134,DC2
4170657,93,DC2
4171196,114,DC2
4171197,179,DC2
4171199,176,DC2
4171203,186,DC2
4171204,110,DC2
4171205,109,DC2
4171218,121,DC2
4171221,148,DC2
4171222,198,DC2
4171223,107,DC2
4171230,162,DC2
4171234,123,DC2
4171236,118,DC2
4171237,149,DC2
4171238,88,DC2
4171239,135,DC2
4171240,124,DC2
4171241,171,DC2
4171249,156,DC2
4171252,136,DC2
4171268,190,DC2
4171272,174,DC2
4171273,159,DC2
4171274,158,DC2
4171275,119,DC2
4171276,124,DC2
4171277,128,DC2
4171279,115,DC2
4171282,219,DC2
4171283,147,DC2
4171284,151,DC2
4171285,150,DC2
4171289,178,DC2
4171290,182,DC2
4171296,151,DC2
4171305,120,DC2
4171306,188,DC2
4171308,185,DC2
4171311,109,DC2
4171312,181,DC2
4171314,90,DC2
4171323,115,DC2
4171324,114,DC2
4171325,141,DC2
4171326,116,DC2
4171327,270,DC2
4171328,146,DC2
4171331,255,DC2
4171332,171,DC2
4171338,120,DC2
4171339,104,DC2
4171343,190,DC2
4171344,193,DC2
4171365,115,DC2
4171366,230,DC2
4171594,118,DC2
4171595,91,DC2
4171597,125,DC2
4171598,111,DC2
4171599,108,DC2
4171600,106,DC2
4171601,163,DC2
4171602,107,DC2
4171603,116,DC2
4171604,107,DC2
4171605,182,DC2
4171606,115,DC2
4171607,183,DC2
4171608,96,DC2
4171609,124,DC2
4171610,114,DC2
4171612,151,DC2
4171613,133,DC2
4171614,148,DC2
4171615,130,DC2
4171616,120,DC2
4171617,111,DC2
4171619,117,DC2
4171620,219,DC2
4171621,133,DC2
4171622,92,DC2
4171623,100,DC2
4171624,129,DC2
4171625,184,DC2
4171626,121,DC2
4171627,132,DC2
4171628,149,DC2
4171629,132,DC2
4171630,192,DC2
4171632,100,DC2
4171636,99,DC2
4167408,134,DC3
4167461,239,DC3
4167519,178,DC3
4167520,132,DC3
4167521,99,DC3
4167522,177,DC3
4167523,254,DC3
4167524,183,DC3
4167525,183,DC3
4167526,193,DC3
4167527,140,DC3
4167528,260,DC3
4167529,218,DC3
4167530,210,DC3
4167531,166,DC3
4167532,160,DC3
4167533,254,DC3
4167534,171,DC3
4167535,170,DC3
4167536,183,DC3
4167537,276,DC3
4167538,117,DC3
4167540,147,DC3
4167541,196,DC3
4167544,148,DC3
4167545,197,DC3
4167547,212,DC3
4168239,116,DC3
4168689,155,DC3
4168690,156,DC3
4168691,226,DC3
4168692,154,DC3
4168693,213,DC3
4168694,206,DC3
4168695,126,DC3
4168696,198,DC3
4168697,243,DC3
4168698,210,DC3
4168699,293,DC3
4168703,160,DC3
4168704,160,DC3
4168705,122,DC3
4168706,184,DC3
4168708,238,DC3
4168710,196,DC3
4168711,110,DC3
4168712,278,DC3
4168713,165,DC3
4168714,183,DC3
4168716,137,DC3
4168717,122,DC3
4168718,179,DC3
4168719,143,DC3
4168722,118,DC3
4168724,211,DC3
4168726,146,DC3
4168728,124,DC3
4168729,180,DC3
4168730,128,DC3
4168736,197,DC3
4168737,164,DC3
4168738,200,DC3
4168740,107,DC3
4168741,205,DC3
4168742,153,DC3
4168743,163,DC3
4168744,153,DC3
4168745,161,DC3
4168746,109,DC3
4168747,215,DC3
4168748,117,DC3
4168749,95,DC3
4168750,128,DC3
4168751,166,DC3
4168752,153,DC3
4168753,207,DC3
4168754,136,DC3
4168755,165,DC3
4168756,128,DC3
4168758,118,DC3
4168759,211,DC3
4168763,153,DC3
4168764,176,DC3
4168765,137,DC3
4168766,136,DC3
4168768,171,DC3
4168769,201,DC3
4168770,173,DC3
4168771,116,DC3
4168772,241,DC3
4168773,144,DC3
4168774,153,DC3
4168775,212,DC3
4168776,248,DC3
4168777,199,DC3
4168778,155,DC3
4168779,194,DC3
4168780,96,DC3
4168781,162,DC3
4168783,260,DC3
4168785,130,DC3
4168951,160,DC3
4169459,189,DC3
4169460,138,DC3
4169479,173,DC3
4169480,202,DC3
4169481,150,DC3
4169484,213,DC3
4169486,169,DC3
4169487,134,DC3
4169489,232,DC3
4169491,111,DC3
4169492,110,DC3
4169493,178,DC3
4169494,226,DC3
4169496,129,DC3
4169500,185,DC3
4169501,161,DC3
4169503,146,DC3
4169504,157,DC3
4169506,138,DC3
4169508,139,DC3
4169509,102,DC3
4169511,146,DC3
4169513,145,DC3
4169514,155,DC3
4169515,105,DC3
4169516,134,DC3
4169518,109,DC3
4169519,174,DC3
4169521,146,DC3
4169523,123,DC3
4169524,259,DC3
4169525,148,DC3
4169526,95,DC3
4169529,180,DC3
4169530,213,DC3
4169531,176,DC3
4169533,159,DC3
4169535,287,DC3
4169537,130,DC3
4169538,242,DC3
4169540,171,DC3
4169541,147,DC3
4169542,104,DC3
4169545,204,DC3
4169547,183,DC3
4169549,150,DC3
4169551,154,DC3
4169552,142,DC3
4169553,127,DC3
4169554,188,DC3
4169556,115,DC3
4169558,192,DC3
4169561,210,DC3
4169562,219,DC3
4169564,229,DC3
4169565,228,DC3
4169566,207,DC3
4169569,206,DC3
4169571,229,DC3
4169572,102,DC3
4169573,151,DC3
4169574,102,DC3
4169575,265,DC3
4169577,190,DC3
4169579,172,DC3
4169580,188,DC3
4169583,228,DC3
4169584,156,DC3
4169585,176,DC3
4169586,179,DC3
4169588,143,DC3
4169590,158,DC3
4169591,90,DC3
4169595,144,DC3
4169596,158,DC3
4169598,137,DC3
4169599,165,DC3
4169600,142,DC3
4169602,132,DC3
4169603,152,DC3
4169604,221,DC3
4169605,135,DC3
4169609,157,DC3
4169610,212,DC3
4169611,126,DC3
4169612,118,DC3
4169614,149,DC3
4169615,129,DC3
4169617,182,DC3
4169618,115,DC3
4169710,212,DC3
4169724,221,DC3
4169725,276,DC3
4169726,276,DC3
4169727,228,DC3
4169731,136,DC3
4169741,407,DC3
4169743,227,DC3
4169759,174,DC3
4169760,173,DC3
4169762,275,DC3
4169763,193,DC3
4169764,280,DC3
4169766,286,DC3
4169768,278,DC3
4169769,270,DC3
4169770,217,DC3
4169771,172,DC3
4169772,167,DC3
4169776,212,DC3
4169787,257,DC3
4169789,170,DC3
4169797,191,DC3
4169798,260,DC3
4169801,299,DC3
4169805,87,DC3
4169808,150,DC3
4169815,130,DC3
4169822,412,DC3
4169824,134,DC3
4169833,101,DC3
4169837,217,DC3
4169838,394,DC3
4169840,224,DC3
4169842,297,DC3
4169843,238,DC3
4169845,220,DC3
4169846,344,DC3
4169847,355,DC3
4169848,239,DC3
4169850,347,DC3
4169852,181,DC3
4169853,367,DC3
4169854,341,DC3
4169856,219,DC3
4169857,374,DC3
4169858,276,DC3
4169860,301,DC3
4169861,223,DC3
4169866,179,DC3
4169867,288,DC3
4169871,210,DC3
4169884,345,DC3
4169885,307,DC3
4169887,244,DC3
4170100,209,DC3
4170102,263,DC3
4170152,191,DC3
4170213,146,DC3
4170214,211,DC3
4170216,143,DC3
4170217,146,DC3
4170220,172,DC3
4170228,216,DC3
4170229,252,DC3
4170230,216,DC3
4170234,91,DC3
4170235,123,DC3
4170239,163,DC3
4170240,130,DC3
4170243,105,DC3
4170244,177,DC3
4170253,122,DC3
4170255,143,DC3
4170256,174,DC3
4170257,148,DC3
4170260,194,DC3
4170270,187,DC3
4170272,204,DC3
4170273,280,DC3
4170275,260,DC3
4170276,236,DC3
4170277,208,DC3
4170278,182,DC3
4170279,164,DC3
4170283,150,DC3
4170284,139,DC3
4170286,143,DC3
4170287,159,DC3
4170288,177,DC3
4170291,163,DC3
4170294,250,DC3
4170296,87,DC3
4170299,191,DC3
4170302,163,DC3
4170304,220,DC3
4170308,105,DC3
4170311,259,DC3
4170312,243,DC3
4170313,170,DC3
4170314,170,DC3
4170316,157,DC3
4170323,187,DC3
4170326,153,DC3
4170329,166,DC3
4170330,166,DC3
4170332,189,DC3
4170333,176,DC3
4170338,188,DC3
4170339,142,DC3
4170341,147,DC3
4170345,104,DC3
4170346,221,DC3
4170350,152,DC3
4170351,169,DC3
4170352,132,DC3
4170356,142,DC3
4170358,143,DC3
4170368,140,DC3
4170370,140,DC3
4170372,195,DC3
4170373,192,DC3
4170376,265,DC3
4170379,114,DC3
4170383,231,DC3
4170385,141,DC3
4170387,158,DC3
4170392,115,DC3
4171215,145,DC3
4171216,160,DC3
4171220,188,DC3
4171226,142,DC3
4171227,135,DC3
4171228,135,DC3
4171259,141,DC3
4171267,178,DC3
4171270,156,DC3
4171271,168,DC3
4171278,187,DC3
4171298,132,DC3
4171299,137,DC3
4171301,183,DC3
4171302,178,DC3
4171303,209,DC3
4171321,214,DC3
4171333,243,DC3
4171334,152,DC3
4171335,185,DC3
4171336,130,DC3
4171337,264,DC3
4171340,139,DC3
4171341,130,DC3
4171342,234,DC3
4171345,186,DC3
4171346,169,DC3
4171349,256,DC3
4171351,318,DC3
4171372,142,DC3
4167146,110,DC4
4167493,172,DC4
4167539,166,DC4
4167542,135,DC4
4167543,118,DC4
4167546,196,DC4
4168687,167,DC4
4168688,164,DC4
4168700,119,DC4
4168701,119,DC4
4168702,119,DC4
4168707,121,DC4
4168709,110,DC4
4168715,122,DC4
4168721,151,DC4
4168723,164,DC4
4168725,148,DC4
4168739,249,DC4
4168757,117,DC4
4168760,141,DC4
4168761,105,DC4
4168767,158,DC4
4168784,103,DC4
4169145,162,DC4
4169213,120,DC4
4169214,151,DC4
4169215,123,DC4
4169216,123,DC4
4169217,148,DC4
4169218,181,DC4
4169219,143,DC4
4169220,135,DC4
4169222,110,DC4
4169223,149,DC4
4169225,148,DC4
4169227,173,DC4
4169229,251,DC4
4169232,134,DC4
4169235,155,DC4
4169236,100,DC4
4169238,122,DC4
4169239,105,DC4
4169240,106,DC4
4169242,138,DC4
4169244,112,DC4
4169245,159,DC4
4169248,93,DC4
4169249,146,DC4
4169251,182,DC4
4169254,122,DC4
4169255,150,DC4
4169256,99,DC4
4169257,178,DC4
4169260,108,DC4
4169261,173,DC4
4169262,134,DC4
4169265,108,DC4
4169266,163,DC4
4169267,163,DC4
4169268,223,DC4
4169269,160,DC4
4169270,160,DC4
4169271,121,DC4
4169272,191,DC4
4169273,190,DC4
4169274,190,DC4
4169275,145,DC4
4169276,183,DC4
4169277,220,DC4
4169278,137,DC4
4169279,222,DC4
4169281,146,DC4
4169282,144,DC4
4169284,166,DC4
4169285,106,DC4
4169287,108,DC4
4169290,155,DC4
4169291,201,DC4
4169292,141,DC4
4169294,118,DC4
4169295,141,DC4
4169297,159,DC4
4169299,132,DC4
4169306,164,DC4
4169313,172,DC4
4169315,160,DC4
4169316,151,DC4
4169318,121,DC4
4169321,154,DC4
4169322,156,DC4
4169323,242,DC4
4169325,136,DC4
4169326,176,DC4
4169327,105,DC4
4169328,163,DC4
4169331,154,DC4
4169336,161,DC4
4169337,143,DC4
4169338,257,DC4
4169339,179,DC4
4169340,180,DC4
4169343,176,DC4
4169347,255,DC4
4169349,181,DC4
4169351,154,DC4
4169352,153,DC4
4169353,175,DC4
4169354,128,DC4
4169357,143,DC4
4169358,205,DC4
4169361,121,DC4
4169363,156,DC4
4169364,222,DC4
4169365,197,DC4
4169366,240,DC4
4169367,160,DC4
4169368,160,DC4
4169369,237,DC4
4169370,166,DC4
4169371,125,DC4
4169373,94,DC4
4169375,125,DC4
4169379,172,DC4
4169381,201,DC4
4169397,141,DC4
4169398,140,DC4
4169399,161,DC4
4169400,188,DC4
4169401,216,DC4
4169403,107,DC4
4169405,164,DC4
4169408,122,DC4
4169411,132,DC4
4169412,123,DC4
4169416,181,DC4
4169417,143,DC4
4169418,118,DC4
4169420,124,DC4
4169424,118,DC4
4169429,191,DC4
4169430,150,DC4
4169432,217,DC4
4169433,112,DC4
4169434,144,DC4
4169435,120,DC4
4169482,111,DC4
4169483,187,DC4
4169485,130,DC4
4169490,260,DC4
4169495,120,DC4
4169499,212,DC4
4169502,290,DC4
4169512,161,DC4
4169522,235,DC4
4169528,199,DC4
4169539,207,DC4
4169544,169,DC4
4169546,114,DC4
4169548,231,DC4
4169555,164,DC4
4169559,96,DC4
4169567,258,DC4
4169578,153,DC4
4169581,220,DC4
4169587,121,DC4
4169589,170,DC4
4169594,232,DC4
4169597,142,DC4
4169601,193,DC4
4169606,125,DC4
4169607,152,DC4
4169608,289,DC4
4169616,164,DC4
4169711,161,DC4
4169716,172,DC4
4169722,216,DC4
4169723,359,DC4
4169755,184,DC4
4169756,195,DC4
4169765,402,DC4
4169774,110,DC4
4169775,212,DC4
4169779,214,DC4
4169790,209,DC4
4169799,213,DC4
4169816,228,DC4
4169818,264,DC4
4169836,336,DC4
4169841,224,DC4
4169851,266,DC4
4169865,158,DC4
4169869,133,DC4
4169882,272,DC4
4170090,143,DC4
4170091,147,DC4
4170188,219,DC4
4170251,167,DC4
4170258,119,DC4
4170268,214,DC4
4170271,172,DC4
4170274,217,DC4
4170280,199,DC4
4170325,199,DC4
4170335,170,DC4
4170359,209,DC4
4170380,188,DC4
4170394,161,DC4
4170446,134,DC4
4170452,130,DC4
4170453,130,DC4
4170458,137,DC4
4170459,125,DC4
4170489,150,DC4
4170581,139,DC4
4171198,106,DC4
4171200,103,DC4
4171201,162,DC4
4171202,161,DC4
4171206,181,DC4
4171207,182,DC4
4171208,250,DC4
4171209,286,DC4
4171211,181,DC4
4171212,241,DC4
4171213,184,DC4
4171214,221,DC4
4171217,108,DC4
4171219,207,DC4
4171229,147,DC4
4171231,112,DC4
4171232,131,DC4
4171233,114,DC4
4171235,117,DC4
4171242,211,DC4
4171243,197,DC4
4171244,105,DC4
4171245,177,DC4
4171246,168,DC4
4171247,154,DC4
4171248,180,DC4
4171250,108,DC4
4171251,109,DC4
4171253,128,DC4
4171254,147,DC4
4171255,219,DC4
4171256,134,DC4
4171257,120,DC4
4171258,90,DC4
4171260,187,DC4
4171261,178,DC4
4171262,111,DC4
4171263,161,DC4
4171264,176,DC4
4171265,155,DC4
4171269,207,DC4
4171280,122,DC4
4171281,190,DC4
4171287,155,DC4
4171288,192,DC4
4171291,167,DC4
4171292,178,DC4
4171293,153,DC4
4171294,173,DC4
4171295,173,DC4
4171297,141,DC4
4171300,267,DC4
4171304,142,DC4
4171309,167,DC4
4171310,112,DC4
4171313,194,DC4
4171315,200,DC4
4171316,190,DC4
4171317,156,DC4
4171318,130,DC4
4171319,130,DC4
4171320,130,DC4
4171322,222,DC4
4171329,112,DC4
4171330,112,DC4
4171348,146,DC4
4171350,178,DC4
4171352,237,DC4
4171353,136,DC4
4171354,165,DC4
4171355,127,DC4
4171356,126,DC4
4171357,167,DC4
4171358,135,DC4
4171359,136,DC4
4171360,155,DC4
4171361,108,DC4
4171362,200,DC4
4171364,126,DC4
4171367,123,DC4
4171368,118,DC4
4171369,247,DC4
4171370,157,DC4
4171371,156,DC4
4171374,137,DC4
4171375,253,DC4
4171377,115,DC4
4171378,98,DC4
4171379,106,DC4
4171633,184,DC4
4171635,197,DC4
4167476,180,DC5
4167477,153,DC5
4167478,267,DC5
4167479,127,DC5
4167480,174,DC5
4167481,230,DC5
4167482,181,DC5
4167483,203,DC5
4167484,191,DC5
4167485,125,DC5
4167486,293,DC5
4167487,116,DC5
4167488,188,DC5
4167489,150,DC5
4167490,144,DC5
4167491,114,DC5
4167492,207,DC5
4167495,265,DC5
4167496,201,DC5
4167497,189,DC5
4167498,127,DC5
4167499,210,DC5
4167500,241,DC5
4167501,203,DC5
4167502,201,DC5
4167503,151,DC5
4167504,175,DC5
4167505,152,DC5
4167506,187,DC5
4167507,193,DC5
4167508,231,DC5
4167509,212,DC5
4167510,165,DC5
4167511,103,DC5
4167512,108,DC5
4167515,280,DC5
4167516,236,DC5
4167517,145,DC5
4167980,141,DC5
4168347,184,DC5
4168574,153,DC5
4168575,117,DC5
4168576,133,DC5
4168577,155,DC5
4168578,218,DC5
4168579,169,DC5
4168580,90,DC5
4168581,141,DC5
4168582,192,DC5
4168583,134,DC5
4168584,177,DC5
4168585,148,DC5
4168586,244,DC5
4168587,140,DC5
4168588,160,DC5
4168589,170,DC5
4168590,95,DC5
4168591,140,DC5
4168592,88,DC5
4168593,116,DC5
4168594,195,DC5
4168595,171,DC5
4168596,136,DC5
4168597,197,DC5
4168598,172,DC5
4168599,119,DC5
4168600,221,DC5
4168601,139,DC5
4168602,183,DC5
4168603,142,DC5
4168604,255,DC5
4168605,161,DC5
4168606,190,DC5
4168607,264,DC5
4168608,144,DC5
4168609,266,DC5
4168610,161,DC5
4168611,160,DC5
4168612,250,DC5
4168613,178,DC5
4168614,138,DC5
4168615,171,DC5
4168616,138,DC5
4168617,147,DC5
4168618,141,DC5
4168619,155,DC5
4168620,155,DC5
4168621,166,DC5
4168622,146,DC5
4168624,237,DC5
4168625,172,DC5
4168626,126,DC5
4168627,277,DC5
4168628,169,DC5
4168629,110,DC5
4168630,211,DC5
4168631,159,DC5
4168632,279,DC5
4168633,167,DC5
4168634,154,DC5
4168635,135,DC5
4168636,181,DC5
4168637,176,DC5
4168639,218,DC5
4168640,165,DC5
4168641,178,DC5
4168642,132,DC5
4168643,147,DC5
4168644,214,DC5
4168645,167,DC5
4168646,118,DC5
4168647,104,DC5
4168648,143,DC5
4168649,179,DC5
4168650,152,DC5
4168651,185,DC5
4168652,216,DC5
4168653,170,DC5
4168654,140,DC5
4168655,144,DC5
4168656,131,DC5
4168657,162,DC5
4168658,165,DC5
4168660,161,DC5
4168661,140,DC5
4168662,175,DC5
4168663,164,DC5
4168664,183,DC5
4168665,182,DC5
4168666,128,DC5
4168667,220,DC5
4168668,181,DC5
4168669,182,DC5
4168670,213,DC5
4168671,164,DC5
4168672,138,DC5
4168673,128,DC5
4168674,227,DC5
4168675,138,DC5
4168676,139,DC5
4168677,189,DC5
4168678,163,DC5
4168679,141,DC5
4168682,118,DC5
4168684,207,DC5
4168685,133,DC5
4168786,142,DC5
4168787,171,DC5
4168788,112,DC5
4168789,167,DC5
4168790,138,DC5
4168792,185,DC5
4168793,117,DC5
4168794,112,DC5
4168795,139,DC5
4168797,160,DC5
4168798,120,DC5
4168800,170,DC5
4169135,180,DC5
4169461,187,DC5
4169462,109,DC5
4169463,177,DC5
4169464,153,DC5
4169465,157,DC5
4169466,172,DC5
4169467,138,DC5
4169468,135,DC5
4169469,168,DC5
4169470,204,DC5
4169471,193,DC5
4169473,170,DC5
4169474,137,DC5
4169475,138,DC5
4169476,183,DC5
4169477,193,DC5
4169478,193,DC5
4169728,198,DC5
4169735,126,DC5
4169750,231,DC5
4169781,127,DC5
4169785,138,DC5
4169806,174,DC5
4169823,181,DC5
4169830,180,DC5
4169832,179,DC5
4169863,285,DC5
4170397,217,DC5
4170398,154,DC5
4170399,134,DC5
4170400,135,DC5
4170401,150,DC5
4170402,180,DC5
4170403,176,DC5
4170404,132,DC5
4170405,141,DC5
4170406,183,DC5
4170407,175,DC5
4170408,209,DC5
4170409,227,DC5
4170410,159,DC5
4170411,171,DC5
4170412,137,DC5
4170413,158,DC5
4170414,163,DC5
4170415,132,DC5
4170416,156,DC5
4170417,194,DC5
4170418,209,DC5
4170419,161,DC5
4170420,159,DC5
4171387,134,DC5
4166663,152,DC6
4166664,131,DC6
4166665,144,DC6
4166670,136,DC6
4166671,174,DC6
4166672,145,DC6
4166677,102,DC6
4166680,157,DC6
4166682,119,DC6
4166684,150,DC6
4166685,147,DC6
4166687,158,DC6
4166688,136,DC6
4166689,131,DC6
4166692,118,DC6
4166694,165,DC6
4166695,226,DC6
4166704,112,DC6
4166706,123,DC6
4166708,156,DC6
4166713,167,DC6
4166714,146,DC6
4166717,128,DC6
4166720,151,DC6
4166721,110,DC6
4166722,149,DC6
4166727,200,DC6
4166728,132,DC6
4166729,144,DC6
4166730,143,DC6
4166731,112,DC6
4166737,116,DC6
4166738,118,DC6
4166739,136,DC6
4166740,234,DC6
4166742,242,DC6
4166743,142,DC6
4166744,117,DC6
4166746,195,DC6
4166747,102,DC6
4166751,152,DC6
4166752,169,DC6
4166755,153,DC6
4167584,251,DC6
4167613,142,DC6
4167644,148,DC6
4167728,123,DC6
4167845,142,DC6
4167889,253,DC6
4167892,176,DC6
4167893,246,DC6
4167894,138,DC6
4167897,116,DC6
4167898,201,DC6
4167899,157,DC6
4167901,140,DC6
4167903,161,DC6
4167904,129,DC6
4167905,344,DC6
4167906,284,DC6
4167907,141,DC6
4167909,167,DC6
4167910,167,DC6
4167911,206,DC6
4167912,114,DC6
4167913,226,DC6
4167914,219,DC6
4167915,191,DC6
4167916,168,DC6
4167917,167,DC6
4167918,195,DC6
4167919,162,DC6
4167920,135,DC6
4167921,135,DC6
4167924,251,DC6
4167925,212,DC6
4167926,216,DC6
4167927,147,DC6
4167928,278,DC6
4167929,154,DC6
4167930,146,DC6
4167931,196,DC6
4167932,111,DC6
4167933,254,DC6
4167934,187,DC6
4167935,258,DC6
4167936,254,DC6
4167937,187,DC6
4167938,120,DC6
4167939,160,DC6
4167940,162,DC6
4167941,229,DC6
4167942,248,DC6
4167943,280,DC6
4167944,159,DC6
4167945,159,DC6
4167946,171,DC6
4167947,232,DC6
4167948,185,DC6
4167949,177,DC6
4167950,184,DC6
4167951,138,DC6
4167952,138,DC6
4167953,203,DC6
4167954,155,DC6
4167955,275,DC6
4167956,340,DC6
4167957,195,DC6
4167959,181,DC6
4167960,124,DC6
4167961,123,DC6
4167964,257,DC6
4167965,237,DC6
4167967,153,DC6
4167968,211,DC6
4167969,134,DC6
4167970,119,DC6
4167971,175,DC6
4167972,217,DC6
4167973,147,DC6
4167974,111,DC6
4167975,118,DC6
4167976,187,DC6
4167977,145,DC6
4167978,181,DC6
4167979,135,DC6
4167981,192,DC6
4167982,286,DC6
4167983,177,DC6
4167984,222,DC6
4167985,184,DC6
4167986,141,DC6
4167987,240,DC6
4167988,171,DC6
4167989,171,DC6
4167990,193,DC6
4167991,227,DC6
4167992,211,DC6
4167993,250,DC6
4167994,196,DC6
4167995,122,DC6
4167996,166,DC6
4167997,121,DC6
4167998,137,DC6
4167999,156,DC6
4168000,174,DC6
4168001,158,DC6
4168002,128,DC6
4168003,192,DC6
4168004,162,DC6
4168005,147,DC6
4168006,123,DC6
4168007,123,DC6
4168008,124,DC6
4168009,211,DC6
4168010,99,DC6
4168011,228,DC6
4168014,128,DC6
4168015,121,DC6
4168016,149,DC6
4168018,137,DC6
4168019,122,DC6
4168020,220,DC6
4168021,145,DC6
4168022,141,DC6
4168023,161,DC6
4168024,190,DC6
4168025,251,DC6
4168026,171,DC6
4168027,181,DC6
4168028,191,DC6
4168029,182,DC6
4168030,157,DC6
4168031,154,DC6
4168032,155,DC6
4168033,139,DC6
4168034,162,DC6
4168035,252,DC6
4168036,287,DC6
4168037,109,DC6
4168038,108,DC6
4168039,175,DC6
4168040,255,DC6
4168041,205,DC6
4168042,139,DC6
4168043,194,DC6
4168044,116,DC6
4168045,242,DC6
4168046,272,DC6
4168047,214,DC6
4168048,139,DC6
4168049,184,DC6
4168050,203,DC6
4168051,214,DC6
4168052,184,DC6
4168053,173,DC6
4168054,147,DC6
4168055,123,DC6
4168445,153,DC6
4169221,103,DC6
4169224,135,DC6
4169230,117,DC6
4169234,168,DC6
4169241,191,DC6
4169243,130,DC6
4169246,142,DC6
4169247,165,DC6
4169250,146,DC6
4169252,165,DC6
4169253,151,DC6
4169258,119,DC6
4169259,170,DC6
4169263,212,DC6
4169264,140,DC6
4169280,146,DC6
4169283,133,DC6
4169289,172,DC6
4169293,149,DC6
4169298,261,DC6
4169300,194,DC6
4169301,244,DC6
4169303,211,DC6
4169305,207,DC6
4169307,104,DC6
4169308,208,DC6
4169310,203,DC6
4169311,162,DC6
4169312,162,DC6
4169314,167,DC6
4169319,175,DC6
4169324,186,DC6
4169332,167,DC6
4169333,166,DC6
4169334,178,DC6
4169341,134,DC6
4169342,133,DC6
4169344,175,DC6
4169345,161,DC6
4169348,149,DC6
4169350,198,DC6
4169356,153,DC6
4169359,135,DC6
4169360,119,DC6
4169372,145,DC6
4169376,164,DC6
4169377,242,DC6
4169378,261,DC6
4169382,132,DC6
4169383,95,DC6
4169384,95,DC6
4169385,158,DC6
4169386,159,DC6
4169387,177,DC6
4169388,207,DC6
4169389,237,DC6
4169390,165,DC6
4169391,243,DC6
4169392,313,DC6
4169393,184,DC6
4169394,273,DC6
4169395,188,DC6
4169396,223,DC6
4169404,142,DC6
4169406,211,DC6
4169407,204,DC6
4169413,143,DC6
4169414,211,DC6
4169415,153,DC6
4169419,171,DC6
4169422,223,DC6
4169426,173,DC6
4169428,249,DC6
4169431,202,DC6
4170421,179,DC6
4170422,131,DC6
4170423,150,DC6
4170424,109,DC6
4170425,110,DC6
4170426,156,DC6
4170427,122,DC6
4170428,161,DC6
4170429,123,DC6
4170430,164,DC6
4170431,176,DC6
4170432,229,DC6
4170433,187,DC6
4170434,169,DC6
4170435,136,DC6
4170436,232,DC6
4170437,156,DC6
4170439,170,DC6
4170440,170,DC6
4170441,144,DC6
4170442,130,DC6
4170443,104,DC6
4170444,187,DC6
4170445,137,DC6
4170447,190,DC6
4170448,151,DC6
4170449,125,DC6
4170450,171,DC6
4170451,136,DC6
4170455,175,DC6
4170456,182,DC6
4170457,135,DC6
4170460,135,DC6
4170461,240,DC6
4170462,232,DC6
4170463,130,DC6
4170464,126,DC6
4170465,136,DC6
4170466,204,DC6
4170467,190,DC6
4170468,143,DC6
4170469,162,DC6
4170470,189,DC6
4170471,94,DC6
4170472,113,DC6
4170473,138,DC6
4170474,137,DC6
4170475,170,DC6
4170476,197,DC6
4170477,178,DC6
4170478,258,DC6
4170479,116,DC6
4170480,176,DC6
4170481,147,DC6
4170482,117,DC6
4170483,117,DC6
4170484,154,DC6
4170485,95,DC6
4170486,184,DC6
4170487,143,DC6
4170488,153,DC6
4170490,151,DC6
4170491,161,DC6
4170492,214,DC6
4170493,142,DC6
4170494,194,DC6
4170495,219,DC6
4170496,225,DC6
4170497,247,DC6
4170498,179,DC6
4170499,135,DC6
4170500,133,DC6
4170501,124,DC6
4170502,124,DC6
4170503,200,DC6
4170504,146,DC6
4170505,156,DC6
4170506,193,DC6
4170507,134,DC6
4170508,124,DC6
4170509,209,DC6
4170510,174,DC6
4170511,172,DC6
4170512,203,DC6
4170513,296,DC6
4170514,171,DC6
4170515,118,DC6
4170536,133,DC6
4170542,135,DC6
4170544,153,DC6
4170550,167,DC6
4170552,108,DC6
4170556,175,DC6
4170578,166,DC6
4170579,166,DC6
4170582,93,DC6
4170583,144,DC6
4170593,153,DC6
4170594,133,DC6
4170595,166,DC6
4170596,223,DC6
4170597,133,DC6
4170599,123,DC6
4170600,170,DC6
4170601,161,DC6
4170602,136,DC6
4170606,198,DC6
4170613,213,DC6
4170620,103,DC6
4170625,111,DC6
4170635,185,DC6
4170640,134,DC6
4170641,235,DC6
4170649,167,DC6
4170654,186,DC6
4170655,188,DC6
4170656,94,DC6
4170663,125,DC6
4170667,100,DC6
4171144,175,DC6
4171376,196,DC6
4171589,190,DC6
4171590,175,DC6
4171591,219,DC6
4171631,178,DC6
4171634,261,DC6
4166674,123,DC7
4166681,153,DC7
4166683,160,DC7
4166691,140,DC7
4166693,154,DC7
4166701,107,DC7
4166702,154,DC7
4166703,153,DC7
4166705,132,DC7
4166707,119,DC7
4166709,155,DC7
4166710,149,DC7
4166711,169,DC7
4166712,138,DC7
4166718,138,DC7
4166724,192,DC7
4166726,124,DC7
4166733,141,DC7
4166734,142,DC7
4166736,149,DC7
4166741,92,DC7
4166745,117,DC7
4166748,167,DC7
4166749,140,DC7
4166756,169,DC7
4166763,201,DC7
4166773,172,DC7
4166774,172,DC7
4166790,161,DC7
4167860,206,DC7
4167883,124,DC7
4168101,180,DC7
4168142,126,DC7
4168145,161,DC7
4168146,149,DC7
4168147,132,DC7
4168148,140,DC7
4168151,205,DC7
4168153,193,DC7
4168154,102,DC7
4168156,123,DC7
4168162,132,DC7
4168163,194,DC7
4168164,142,DC7
4168165,114,DC7
4168166,226,DC7
4168171,140,DC7
4168173,185,DC7
4168176,262,DC7
4168180,163,DC7
4168181,142,DC7
4168183,124,DC7
4168184,168,DC7
4168185,172,DC7
4168191,114,DC7
4168193,153,DC7
4168197,146,DC7
4168200,153,DC7
4168201,128,DC7
4168202,173,DC7
4168206,138,DC7
4168207,128,DC7
4168209,127,DC7
4168211,121,DC7
4168213,156,DC7
4168215,138,DC7
4168219,199,DC7
4168221,142,DC7
4168224,148,DC7
4168225,196,DC7
4168228,117,DC7
4168230,159,DC7
4168233,200,DC7
4168234,140,DC7
4168235,203,DC7
4168237,194,DC7
4168241,223,DC7
4168248,245,DC7
4168251,260,DC7
4168255,246,DC7
4168256,171,DC7
4168258,223,DC7
4168261,120,DC7
4168262,216,DC7
4168263,135,DC7
4168264,134,DC7
4168265,159,DC7
4168266,110,DC7
4168268,117,DC7
4168269,138,DC7
4168273,168,DC7
4168274,204,DC7
4168275,123,DC7
4168276,291,DC7
4168277,123,DC7
4168278,175,DC7
4168279,182,DC7
4168290,161,DC7
4168291,168,DC7
4168292,201,DC7
4168293,201,DC7
4168295,173,DC7
4168297,197,DC7
4168298,129,DC7
4168299,113,DC7
4168300,174,DC7
4168301,177,DC7
4168302,137,DC7
4168303,133,DC7
4168304,236,DC7
4168305,183,DC7
4168306,162,DC7
4168307,195,DC7
4168308,194,DC7
4168310,237,DC7
4168311,170,DC7
4168312,130,DC7
4168313,185,DC7
4168317,151,DC7
4168318,156,DC7
4168319,177,DC7
4168320,156,DC7
4168322,209,DC7
4168323,143,DC7
4168324,143,DC7
4168325,229,DC7
4168326,152,DC7
4168327,185,DC7
4168328,210,DC7
4168329,105,DC7
4168330,167,DC7
4168331,165,DC7
4168332,179,DC7
4168333,195,DC7
4168334,169,DC7
4168335,195,DC7
4168336,225,DC7
4168337,269,DC7
4168338,172,DC7
4168339,175,DC7
4168340,148,DC7
4168341,207,DC7
4168342,167,DC7
4168344,134,DC7
4168345,134,DC7
4168348,162,DC7
4168349,145,DC7
4168350,145,DC7
4168351,186,DC7
4168352,171,DC7
4168353,173,DC7
4168354,88,DC7
4168355,88,DC7
4168356,88,DC7
4168357,113,DC7
4168358,278,DC7
4168359,139,DC7
4168360,217,DC7
4168361,149,DC7
4168362,162,DC7
4168363,132,DC7
4168364,219,DC7
4168365,190,DC7
4168366,186,DC7
4168368,186,DC7
4168369,145,DC7
4168370,148,DC7
4168402,145,DC7
4168405,143,DC7
4168406,175,DC7
4168407,137,DC7
4168408,132,DC7
4168409,268,DC7
4168411,161,DC7
4168413,117,DC7
4168414,117,DC7
4168415,116,DC7
4168416,180,DC7
4168417,220,DC7
4168418,209,DC7
4168420,184,DC7
4168423,150,DC7
4168425,159,DC7
4168426,175,DC7
4168428,148,DC7
4168429,140,DC7
4168430,231,DC7
4168431,151,DC7
4168432,151,DC7
4168433,129,DC7
4168435,155,DC7
4168436,137,DC7
4168438,157,DC7
4168447,222,DC7
4168449,207,DC7
4168450,183,DC7
4168452,101,DC7
4168453,245,DC7
4168456,237,DC7
4168458,163,DC7
4168462,180,DC7
4168463,116,DC7
4168464,164,DC7
4168466,123,DC7
4168467,267,DC7
4168468,181,DC7
4168469,162,DC7
4168470,148,DC7
4168472,124,DC7
4168473,124,DC7
4168474,207,DC7
4168475,175,DC7
4168681,151,DC7
4168855,135,DC7
4169012,195,DC7
4169014,137,DC7
4169016,135,DC7
4169017,141,DC7
4169018,159,DC7
4169019,131,DC7
4169022,147,DC7
4169023,203,DC7
4169024,140,DC7
4169025,180,DC7
4169026,163,DC7
4169027,163,DC7
4169028,190,DC7
4169029,122,DC7
4169030,243,DC7
4169031,263,DC7
4169032,160,DC7
4169033,175,DC7
4169034,129,DC7
4169035,140,DC7
4169036,244,DC7
4169037,254,DC7
4169038,111,DC7
4169043,124,DC7
4169045,123,DC7
4169047,122,DC7
4169048,214,DC7
4169049,311,DC7
4169050,151,DC7
4169051,135,DC7
4169052,123,DC7
4169053,234,DC7
4169054,192,DC7
4169056,115,DC7
4169057,195,DC7
4169058,109,DC7
4169059,139,DC7
4169060,136,DC7
4169062,108,DC7
4169064,131,DC7
4169065,159,DC7
4169066,158,DC7
4169067,172,DC7
4169070,117,DC7
4169071,100,DC7
4169073,135,DC7
4169075,158,DC7
4169077,118,DC7
4169090,137,DC7
4169091,136,DC7
4169094,169,DC7
4169096,138,DC7
4169097,156,DC7
4169098,158,DC7
4169099,122,DC7
4169100,155,DC7
4169101,155,DC7
4169102,170,DC7
4169103,157,DC7
4169104,156,DC7
4169105,171,DC7
4169106,129,DC7
4169107,143,DC7
4169108,153,DC7
4169109,113,DC7
4169110,153,DC7
4169112,234,DC7
4169116,217,DC7
4169118,147,DC7
4169119,146,DC7
4169120,121,DC7
4169122,139,DC7
4169125,130,DC7
4169127,143,DC7
4169128,198,DC7
4169130,139,DC7
4169131,91,DC7
4169137,144,DC7
4169138,143,DC7
4169143,148,DC7
4169150,231,DC7
4169153,139,DC7
4169165,167,DC7
4169166,139,DC7
4169183,179,DC7
4169193,147,DC7
4169196,126,DC7
4169233,231,DC7
4169296,207,DC7
4169309,212,DC7
4169335,189,DC7
4169374,140,DC7
4169402,136,DC7
4169749,133,DC7
4169925,126,DC7
4169982,168,DC7
4169983,157,DC7
4170077,148,DC7
4170146,156,DC7
4170531,131,DC7
4170532,130,DC7
4170533,141,DC7
4170534,164,DC7
4170535,113,DC7
4170537,177,DC7
4170538,168,DC7
4170539,115,DC7
4170540,162,DC7
4170541,241,DC7
4170543,188,DC7
4170545,115,DC7
4170547,141,DC7
4170548,164,DC7
4170549,144,DC7
4170551,157,DC7
4170553,90,DC7
4170554,117,DC7
4170555,117,DC7
4170557,196,DC7
4170558,208,DC7
4170559,155,DC7
4170560,158,DC7
4170561,203,DC7
4170562,134,DC7
4170563,209,DC7
4170564,204,DC7
4170565,209,DC7
4170566,243,DC7
4170567,257,DC7
4170568,232,DC7
4170569,139,DC7
4170570,139,DC7
4170571,175,DC7
4170572,125,DC7
4170573,130,DC7
4170574,222,DC7
4170575,189,DC7
4170576,118,DC7
4170577,118,DC7
4170580,142,DC7
4170584,142,DC7
4170585,153,DC7
4170587,216,DC7
4170588,157,DC7
4170589,106,DC7
4170590,184,DC7
4170591,146,DC7
4170592,137,DC7
4170598,133,DC7
4170604,170,DC7
4170605,111,DC7
4170607,149,DC7
4170608,128,DC7
4170609,203,DC7
4170610,243,DC7
4170611,113,DC7
4170612,137,DC7
4170614,200,DC7
4170615,271,DC7
4170616,128,DC7
4170617,144,DC7
4170618,183,DC7
4170619,162,DC7
4170621,223,DC7
4170622,237,DC7
4170623,161,DC7
4170624,156,DC7
4170626,193,DC7
4170627,172,DC7
4170628,181,DC7
4170629,171,DC7
4170630,146,DC7
4170632,204,DC7
4170633,258,DC7
4170634,237,DC7
4170636,229,DC7
4170637,192,DC7
4170638,191,DC7
4170642,108,DC7
4170643,120,DC7
4170644,133,DC7
4170645,211,DC7
4170646,117,DC7
4170647,132,DC7
4170648,117,DC7
4170650,141,DC7
4170651,207,DC7
4170652,338,DC7
4170653,143,DC7
4170659,93,DC7
4170661,220,DC7
4170664,128,DC7
4170665,93,DC7
4170666,198,DC7
4170668,111,DC7
4171128,88,DC7
4171129,88,DC7
4171167,159,DC7
4171307,176,DC7
4171347,119,DC7
4171373,213,DC7
4171643,138,DC7
4166669,164,DC8
4167079,197,DC8
4167086,138,DC8
4168072,125,DC8
4168073,183,DC8
4168082,181,DC8
4168083,201,DC8
4168086,157,DC8
4168088,156,DC8
4168089,155,DC8
4168097,134,DC8
4168098,214,DC8
4168099,207,DC8
4168102,195,DC8
4168135,136,DC8
4168136,156,DC8
4168137,133,DC8
4168138,170,DC8
4168139,140,DC8
4168140,208,DC8
4168141,180,DC8
4168143,202,DC8
4168144,314,DC8
4168150,184,DC8
4168152,157,DC8
4168155,149,DC8
4168157,274,DC8
4168158,166,DC8
4168159,177,DC8
4168160,213,DC8
4168161,131,DC8
4168167,204,DC8
4168168,143,DC8
4168169,212,DC8
4168170,170,DC8
4168172,268,DC8
4168174,211,DC8
4168175,135,DC8
4168177,212,DC8
4168178,183,DC8
4168179,204,DC8
4168182,164,DC8
4168187,104,DC8
4168188,103,DC8
4168189,161,DC8
4168190,251,DC8
4168192,174,DC8
4168194,178,DC8
4168195,180,DC8
4168196,217,DC8
4168198,145,DC8
4168199,158,DC8
4168203,150,DC8
4168204,194,DC8
4168205,105,DC8
4168208,175,DC8
4168210,207,DC8
4168212,200,DC8
4168216,208,DC8
4168217,205,DC8
4168218,112,DC8
4168220,120,DC8
4168222,231,DC8
4168223,248,DC8
4168226,163,DC8
4168227,138,DC8
4168229,173,DC8
4168231,277,DC8
4168232,241,DC8
4168236,241,DC8
4168238,116,DC8
4168240,172,DC8
4168242,293,DC8
4168243,214,DC8
4168244,196,DC8
4168245,252,DC8
4168246,314,DC8
4168247,220,DC8
4168249,292,DC8
4168250,378,DC8
4168252,377,DC8
4168253,264,DC8
4168254,378,DC8
4168257,377,DC8
4168259,206,DC8
4168260,231,DC8
4168267,171,DC8
4168270,219,DC8
4168271,178,DC8
4168272,254,DC8
4168280,135,DC8
4168281,176,DC8
4168282,206,DC8
4168283,255,DC8
4168284,246,DC8
4168285,179,DC8
4168286,163,DC8
4168287,186,DC8
4168288,139,DC8
4168289,89,DC8
4168294,154,DC8
4168296,150,DC8
4168309,137,DC8
4168314,225,DC8
4168315,209,DC8
4168343,159,DC8
4168371,150,DC8
4168372,136,DC8
4168459,149,DC8
4168680,114,DC8
4168782,103,DC8
4168804,171,DC8
4168810,126,DC8
4168816,120,DC8
4168817,162,DC8
4168818,127,DC8
4168825,182,DC8
4168827,192,DC8
4168829,176,DC8
4168830,159,DC8
4168832,150,DC8
4168837,202,DC8
4168838,217,DC8
4168839,181,DC8
4168840,255,DC8
4168841,190,DC8
4168842,198,DC8
4168845,171,DC8
4168846,115,DC8
4168847,96,DC8
4168848,136,DC8
4168849,165,DC8
4168851,119,DC8
4168852,151,DC8
4168853,230,DC8
4168854,227,DC8
4168857,213,DC8
4168858,187,DC8
4168864,184,DC8
4168868,142,DC8
4168882,216,DC8
4168883,172,DC8
4168889,104,DC8
4168890,176,DC8
4168892,135,DC8
4168893,222,DC8
4168894,205,DC8
4168896,88,DC8
4168897,206,DC8
4168898,127,DC8
4168899,124,DC8
4168902,193,DC8
4168903,132,DC8
4168904,163,DC8
4168905,209,DC8
4168906,170,DC8
4168907,136,DC8
4168908,212,DC8
4168909,137,DC8
4168910,148,DC8
4168911,157,DC8
4168912,181,DC8
4168913,157,DC8
4168914,186,DC8
4168915,214,DC8
4168916,174,DC8
4168917,110,DC8
4168918,128,DC8
4168919,104,DC8
4168920,250,DC8
4168921,170,DC8
4168922,145,DC8
4168923,160,DC8
4168924,179,DC8
4168925,138,DC8
4168926,144,DC8
4168927,154,DC8
4168928,177,DC8
4168930,167,DC8
4168931,129,DC8
4168932,140,DC8
4168933,124,DC8
4168934,94,DC8
4168936,133,DC8
4168937,133,DC8
4168939,143,DC8
4168940,149,DC8
4168941,140,DC8
4168942,138,DC8
4168943,139,DC8
4168944,139,DC8
4168945,208,DC8
4168946,156,DC8
4168947,189,DC8
4168948,182,DC8
4168949,170,DC8
4168950,121,DC8
4168952,114,DC8
4168954,191,DC8
4168955,162,DC8
4168956,164,DC8
4168957,103,DC8
4168959,110,DC8
4168960,233,DC8
4168962,154,DC8
4168963,145,DC8
4168964,152,DC8
4168967,180,DC8
4168968,230,DC8
4168969,151,DC8
4168970,183,DC8
4168971,159,DC8
4168974,181,DC8
4168975,200,DC8
4168976,131,DC8
4168978,112,DC8
4168979,182,DC8
4168980,142,DC8
4168981,118,DC8
4168982,129,DC8
4168983,129,DC8
4168987,193,DC8
4168988,173,DC8
4168989,167,DC8
4168990,147,DC8
4168991,133,DC8
4168992,228,DC8
4168993,160,DC8
4168994,121,DC8
4168995,120,DC8
4168997,121,DC8
4168998,139,DC8
4168999,178,DC8
4169000,158,DC8
4169002,115,DC8
4169004,132,DC8
4169005,242,DC8
4169006,160,DC8
4169008,155,DC8
4169009,181,DC8
4169010,120,DC8
4169712,208,DC8
4169748,197,DC8
4169817,101,DC8
4169868,162,DC8
4171056,274,DC8
4171123,170,DC8
4171168,156,DC8
4171384,150,DC8
4171391,198,DC8
4171503,172,DC8
4171504,119,DC8
4171505,171,DC8
4171506,162,DC8
4171507,184,DC8
4171508,133,DC8
4171509,199,DC8
4171510,147,DC8
4171511,185,DC8
4171512,201,DC8
4171513,184,DC8
4171514,222,DC8
4171515,140,DC8
4171516,146,DC8
4171517,96,DC8
4171518,160,DC8
4171519,122,DC8
4171520,151,DC8
4171521,191,DC8
4171522,169,DC8
4171523,137,DC8
4171524,212,DC8
4171525,151,DC8
4171527,192,DC8
4171528,196,DC8
4171529,140,DC8
4171530,132,DC8
4171531,219,DC8
4171532,165,DC8
4171533,147,DC8
4171534,101,DC8
4171535,221,DC8
4171536,233,DC8
4171537,206,DC8
4171538,188,DC8
4171539,179,DC8
4171540,146,DC8
4171541,130,DC8
4171542,130,DC8
4171543,170,DC8
4171544,134,DC8
4171545,213,DC8
4171546,188,DC8
4171547,145,DC8
4171548,179,DC8
4171549,138,DC8
4171550,249,DC8
4171551,106,DC8
4171552,183,DC8
4171553,188,DC8
4171554,161,DC8
4171555,181,DC8
4171557,151,DC8
4171558,157,DC8
4171559,183,DC8
4171560,172,DC8
4171561,200,DC8
4171562,139,DC8
4171563,146,DC8
4171564,142,DC8
4171565,145,DC8
4171566,218,DC8
4171567,212,DC8
4171568,224,DC8
4171569,136,DC8
4171570,215,DC8
4171571,186,DC8
4171572,179,DC8
4171573,155,DC8
4171574,115,DC8
4171575,123,DC8
4171577,149,DC8
4171578,172,DC8
4171579,153,DC8
4171580,152,DC8
4171581,97,DC8
4171582,97,DC8
4171583,115,DC8
4171584,138,DC8
4171585,96,DC8
4171586,141,DC8
4171588,104,DC8
4167548,137,DC9
4167549,221,DC9
4167550,177,DC9
4167551,232,DC9
4167552,146,DC9
4167553,160,DC9
4167554,293,DC9
4167555,169,DC9
4167556,182,DC9
4167557,256,DC9
4167558,173,DC9
4167559,144,DC9
4167560,158,DC9
4167561,136,DC9
4167562,142,DC9
4167563,192,DC9
4167564,191,DC9
4167565,196,DC9
4167566,152,DC9
4167567,219,DC9
4167568,103,DC9
4167569,146,DC9
4167570,170,DC9
4167571,125,DC9
4167572,201,DC9
4167573,140,DC9
4167574,182,DC9
4167575,230,DC9
4167576,194,DC9
4167577,240,DC9
4167578,158,DC9
4167579,157,DC9
4167580,170,DC9
4167581,261,DC9
4167582,186,DC9
4167583,244,DC9
4167585,156,DC9
4167586,182,DC9
4167587,218,DC9
4167588,214,DC9
4167589,135,DC9
4167590,155,DC9
4167591,165,DC9
4167592,137,DC9
4167593,148,DC9
4167594,170,DC9
4167595,203,DC9
4167596,151,DC9
4167597,153,DC9
4167598,168,DC9
4167599,166,DC9
4167600,186,DC9
4167601,139,DC9
4167602,142,DC9
4167603,171,DC9
4167604,244,DC9
4167605,163,DC9
4167606,201,DC9
4167607,100,DC9
4167609,173,DC9
4167610,294,DC9
4167611,203,DC9
4167612,161,DC9
4167614,152,DC9
4167615,208,DC9
4167616,131,DC9
4167617,150,DC9
4167618,138,DC9
4167619,177,DC9
4167621,257,DC9
4167622,171,DC9
4167623,180,DC9
4167624,188,DC9
4167625,124,DC9
4167626,200,DC9
4167627,208,DC9
4167628,175,DC9
4167629,123,DC9
4167630,112,DC9
4167637,180,DC9
4167638,232,DC9
4167639,141,DC9
4167646,213,DC9
4167647,219,DC9
4167648,168,DC9
4167649,206,DC9
4167650,218,DC9
4167651,174,DC9
4167652,191,DC9
4167653,157,DC9
4167654,220,DC9
4167655,172,DC9
4167656,269,DC9
4167657,190,DC9
4167658,144,DC9
4167659,155,DC9
4167660,167,DC9
4167661,190,DC9
4167662,232,DC9
4167663,175,DC9
4167664,175,DC9
4167665,146,DC9
4167666,146,DC9
4167667,126,DC9
4167668,127,DC9
4167669,112,DC9
4167670,162,DC9
4167671,258,DC9
4167672,107,DC9
4167673,272,DC9
4167674,140,DC9
4167675,252,DC9
4167676,172,DC9
4167677,188,DC9
4167678,211,DC9
4167679,154,DC9
4167680,154,DC9
4167681,160,DC9
4167682,156,DC9
4167683,206,DC9
4167684,143,DC9
4167685,143,DC9
4167686,126,DC9
4167687,162,DC9
4167688,141,DC9
4167689,226,DC9
4167690,178,DC9
4167692,163,DC9
4167693,185,DC9
4167694,207,DC9
4167696,125,DC9
4167698,144,DC9
4167699,168,DC9
4167700,259,DC9
4167701,251,DC9
4167702,161,DC9
4167703,279,DC9
4167704,247,DC9
4167705,220,DC9
4167706,206,DC9
4167707,266,DC9
4167708,175,DC9
4167709,148,DC9
4167710,152,DC9
4167711,231,DC9
4167712,187,DC9
4167713,291,DC9
4167714,273,DC9
4167715,175,DC9
4167716,215,DC9
4167717,307,DC9
4167718,230,DC9
4167719,261,DC9
4167720,196,DC9
4167721,175,DC9
4167722,197,DC9
4167723,160,DC9
4167724,165,DC9
4167725,172,DC9
4167726,211,DC9
4167727,188,DC9
4167729,151,DC9
4167730,128,DC9
4167732,106,DC9
4167733,139,DC9
4167734,173,DC9
4167735,159,DC9
4167736,148,DC9
4167737,206,DC9
4167738,230,DC9
4167739,141,DC9
4167740,143,DC9
4167741,187,DC9
4167742,195,DC9
4167743,179,DC9
4167744,154,DC9
4167745,256,DC9
4167746,241,DC9
4167747,121,DC9
4167748,156,DC9
4167749,216,DC9
4167750,138,DC9
4167751,220,DC9
4167752,196,DC9
4167753,143,DC9
4167754,131,DC9
4167755,182,DC9
4167756,131,DC9
4167757,124,DC9
4167758,126,DC9
4167759,243,DC9
4167760,170,DC9
4167761,178,DC9
4167762,194,DC9
4167763,135,DC9
4167764,135,DC9
4167765,184,DC9
4167766,200,DC9
4167767,256,DC9
4167768,130,DC9
4167769,130,DC9
4167770,163,DC9
4167771,214,DC9
4167772,253,DC9
4167773,177,DC9
4167774,176,DC9
4167775,243,DC9
4167776,212,DC9
4167777,203,DC9
4167778,120,DC9
4167779,122,DC9
4167780,127,DC9
4167781,194,DC9
4167783,234,DC9
4167784,242,DC9
4167785,329,DC9
4167786,201,DC9
4167787,238,DC9
4167788,132,DC9
4167789,216,DC9
4167790,193,DC9
4167792,130,DC9
4167793,119,DC9
4167794,157,DC9
4167795,187,DC9
4167796,164,DC9
4167797,164,DC9
4167798,123,DC9
4167799,119,DC9
4167800,141,DC9
4167803,150,DC9
4167804,136,DC9
4167805,137,DC9
4167806,176,DC9
4167807,160,DC9
4167808,196,DC9
4167809,158,DC9
4167810,120,DC9
4167811,180,DC9
4167812,265,DC9
4167813,178,DC9
4167814,193,DC9
4167815,146,DC9
4167816,185,DC9
4167818,112,DC9
4167819,142,DC9
4167820,205,DC9
4167821,229,DC9
4167822,182,DC9
4167824,189,DC9
4167825,174,DC9
4167826,177,DC9
4167827,193,DC9
4167828,225,DC9
4167829,145,DC9
4167830,113,DC9
4167832,111,DC9
4167833,169,DC9
4167834,205,DC9
4167835,149,DC9
4167836,138,DC9
4167837,130,DC9
4167838,134,DC9
4167839,177,DC9
4167840,149,DC9
4167841,250,DC9
4167842,186,DC9
4167843,116,DC9
4167844,144,DC9
4167846,199,DC9
4167847,159,DC9
4167848,201,DC9
4167849,177,DC9
4167851,130,DC9
4167852,157,DC9
4167853,169,DC9
4167854,171,DC9
4167855,181,DC9
4167856,181,DC9
4167857,188,DC9
4167858,96,DC9
4167859,220,DC9
4167861,220,DC9
4167862,132,DC9
4167863,147,DC9
4167864,139,DC9
4167865,173,DC9
4167866,167,DC9
4167867,177,DC9
4167868,163,DC9
4167869,187,DC9
4167870,234,DC9
4167871,202,DC9
4167872,133,DC9
4167873,152,DC9
4167874,166,DC9
4167875,140,DC9
4167877,282,DC9
4167878,170,DC9
4167879,182,DC9
4167880,238,DC9
4167881,103,DC9
4167882,294,DC9
4167886,164,DC9
4167887,186,DC9
4167888,169,DC9
4167890,98,DC9
4167891,136,DC9
4167895,200,DC9
4167896,150,DC9
4167902,162,DC9
4167922,132,DC9
4167923,151,DC9
4167958,117,DC9
4167962,150,DC9
4167963,92,DC9
4167966,175,DC9
4168012,129,DC9
4168013,175,DC9
4168017,132,DC9
4171210,317,DC9
